ISO-10303-21;
HEADER;
/* Generated by software containing ST-Developer
 * from STEP Tools, Inc. (www.steptools.com) 
 */

FILE_DESCRIPTION(
/* description */ (''),
/* implementation_level */ '2;1');

FILE_NAME(
/* name */ 'Dap-o-ram TopPte (FINAL).step',
/* time_stamp */ '2026-09-08T11:59:25+05:30',
/* author */ (''),
/* organization */ (''),
/* preprocessor_version */ 'ST-DEVELOPER v20.1',
/* originating_system */ 'Autodesk Translation Framework v15.8.0.0',
/* authorisation */ '');

FILE_SCHEMA (('AUTOMOTIVE_DESIGN { 1 0 10303 214 3 1 1 }'));
ENDSEC;

DATA;
#10=MECHANICAL_DESIGN_GEOMETRIC_PRESENTATION_REPRESENTATION('',(#13),#3463);
#11=SHAPE_REPRESENTATION_RELATIONSHIP('SRR','None',#3470,#12);
#12=ADVANCED_BREP_SHAPE_REPRESENTATION('',(#14),#3462);
#13=STYLED_ITEM('',(#3479),#14);
#14=MANIFOLD_SOLID_BREP('Body2',#2063);
#15=ELLIPSE('',#2186,3.53553390593274,2.5);
#16=ELLIPSE('',#2187,3.53553390593273,2.5);
#17=ELLIPSE('',#2189,3.53553390593274,2.5);
#18=ELLIPSE('',#2190,3.53553390593274,2.5);
#19=CYLINDRICAL_SURFACE('',#2118,1.45);
#20=CYLINDRICAL_SURFACE('',#2120,1.45);
#21=CYLINDRICAL_SURFACE('',#2122,1.45);
#22=CYLINDRICAL_SURFACE('',#2124,1.45);
#23=CYLINDRICAL_SURFACE('',#2126,0.5);
#24=CYLINDRICAL_SURFACE('',#2130,0.5);
#25=CYLINDRICAL_SURFACE('',#2185,2.5);
#26=CYLINDRICAL_SURFACE('',#2188,2.5);
#27=CYLINDRICAL_SURFACE('',#2191,2.5);
#28=CYLINDRICAL_SURFACE('',#2192,2.5);
#29=CYLINDRICAL_SURFACE('',#2195,0.5);
#30=CYLINDRICAL_SURFACE('',#2197,0.5);
#31=CYLINDRICAL_SURFACE('',#2199,0.5);
#32=CYLINDRICAL_SURFACE('',#2201,0.5);
#33=CYLINDRICAL_SURFACE('',#2203,0.499999999999998);
#34=CYLINDRICAL_SURFACE('',#2205,0.5);
#35=CYLINDRICAL_SURFACE('',#2207,0.499999999999998);
#36=CYLINDRICAL_SURFACE('',#2209,0.5);
#37=CYLINDRICAL_SURFACE('',#2211,0.499999999999998);
#38=CYLINDRICAL_SURFACE('',#2213,0.5);
#39=CYLINDRICAL_SURFACE('',#2215,0.499999999999998);
#40=CYLINDRICAL_SURFACE('',#2217,0.5);
#41=CYLINDRICAL_SURFACE('',#2219,0.5);
#42=CYLINDRICAL_SURFACE('',#2221,0.499999999999998);
#43=CYLINDRICAL_SURFACE('',#2223,0.5);
#44=CYLINDRICAL_SURFACE('',#2225,0.499999999999998);
#45=CYLINDRICAL_SURFACE('',#2227,0.499999999999998);
#46=CYLINDRICAL_SURFACE('',#2229,0.499999999999998);
#47=CYLINDRICAL_SURFACE('',#2231,0.499999999999998);
#48=CYLINDRICAL_SURFACE('',#2233,0.499999999999998);
#49=CYLINDRICAL_SURFACE('',#2235,0.499999999999998);
#50=CYLINDRICAL_SURFACE('',#2237,0.499999999999998);
#51=CYLINDRICAL_SURFACE('',#2239,0.499999999999998);
#52=CYLINDRICAL_SURFACE('',#2241,0.499999999999998);
#53=CYLINDRICAL_SURFACE('',#2243,0.5);
#54=CYLINDRICAL_SURFACE('',#2245,0.499999999999998);
#55=CYLINDRICAL_SURFACE('',#2247,0.5);
#56=CYLINDRICAL_SURFACE('',#2249,0.499999999999998);
#57=CYLINDRICAL_SURFACE('',#2251,0.499999999999998);
#58=CYLINDRICAL_SURFACE('',#2253,0.499999999999998);
#59=CYLINDRICAL_SURFACE('',#2255,0.499999999999998);
#60=CYLINDRICAL_SURFACE('',#2257,0.499999999999998);
#61=CYLINDRICAL_SURFACE('',#2259,0.499999999999998);
#62=CYLINDRICAL_SURFACE('',#2261,0.499999999999998);
#63=CYLINDRICAL_SURFACE('',#2263,0.499999999999998);
#64=CYLINDRICAL_SURFACE('',#2265,0.499999999999998);
#65=FACE_BOUND('',#284,.T.);
#66=FACE_BOUND('',#285,.T.);
#67=FACE_BOUND('',#286,.T.);
#68=FACE_BOUND('',#287,.T.);
#69=FACE_BOUND('',#288,.T.);
#70=FACE_BOUND('',#289,.T.);
#71=FACE_BOUND('',#290,.T.);
#72=FACE_BOUND('',#291,.T.);
#73=FACE_BOUND('',#292,.T.);
#74=FACE_BOUND('',#293,.T.);
#75=FACE_BOUND('',#294,.T.);
#76=FACE_BOUND('',#295,.T.);
#77=FACE_BOUND('',#296,.T.);
#78=FACE_BOUND('',#297,.T.);
#79=FACE_BOUND('',#312,.T.);
#80=FACE_BOUND('',#313,.T.);
#81=FACE_BOUND('',#314,.T.);
#82=FACE_BOUND('',#315,.T.);
#83=FACE_BOUND('',#316,.T.);
#84=FACE_BOUND('',#317,.T.);
#85=FACE_BOUND('',#318,.T.);
#86=FACE_BOUND('',#319,.T.);
#87=FACE_BOUND('',#320,.T.);
#88=FACE_BOUND('',#321,.T.);
#89=FACE_BOUND('',#322,.T.);
#90=FACE_BOUND('',#323,.T.);
#91=FACE_BOUND('',#324,.T.);
#92=FACE_BOUND('',#325,.T.);
#93=CIRCLE('',#2078,1.45);
#94=CIRCLE('',#2079,1.45);
#95=CIRCLE('',#2080,0.5);
#96=CIRCLE('',#2081,0.5);
#97=CIRCLE('',#2082,0.5);
#98=CIRCLE('',#2083,0.5);
#99=CIRCLE('',#2084,0.499999999999998);
#100=CIRCLE('',#2085,0.5);
#101=CIRCLE('',#2086,0.499999999999998);
#102=CIRCLE('',#2087,0.5);
#103=CIRCLE('',#2088,0.499999999999998);
#104=CIRCLE('',#2089,0.5);
#105=CIRCLE('',#2090,0.499999999999998);
#106=CIRCLE('',#2091,0.5);
#107=CIRCLE('',#2092,0.5);
#108=CIRCLE('',#2093,0.499999999999998);
#109=CIRCLE('',#2094,0.5);
#110=CIRCLE('',#2095,0.499999999999998);
#111=CIRCLE('',#2096,0.499999999999998);
#112=CIRCLE('',#2097,0.499999999999998);
#113=CIRCLE('',#2098,0.499999999999998);
#114=CIRCLE('',#2099,0.499999999999998);
#115=CIRCLE('',#2100,0.499999999999998);
#116=CIRCLE('',#2101,0.499999999999998);
#117=CIRCLE('',#2102,0.499999999999998);
#118=CIRCLE('',#2103,0.499999999999998);
#119=CIRCLE('',#2104,0.5);
#120=CIRCLE('',#2105,0.499999999999998);
#121=CIRCLE('',#2106,0.5);
#122=CIRCLE('',#2107,0.499999999999998);
#123=CIRCLE('',#2108,0.499999999999998);
#124=CIRCLE('',#2109,0.499999999999998);
#125=CIRCLE('',#2110,0.499999999999998);
#126=CIRCLE('',#2111,0.499999999999998);
#127=CIRCLE('',#2112,0.499999999999998);
#128=CIRCLE('',#2113,0.499999999999998);
#129=CIRCLE('',#2114,0.499999999999998);
#130=CIRCLE('',#2115,0.499999999999998);
#131=CIRCLE('',#2116,1.45);
#132=CIRCLE('',#2117,1.45);
#133=CIRCLE('',#2119,1.45);
#134=CIRCLE('',#2121,1.45);
#135=CIRCLE('',#2123,1.45);
#136=CIRCLE('',#2125,1.45);
#137=CIRCLE('',#2127,0.5);
#138=CIRCLE('',#2128,0.5);
#139=CIRCLE('',#2131,0.5);
#140=CIRCLE('',#2132,0.5);
#141=CIRCLE('',#2135,2.5);
#142=CIRCLE('',#2137,2.5);
#143=CIRCLE('',#2142,0.499999999999998);
#144=CIRCLE('',#2143,0.499999999999998);
#145=CIRCLE('',#2144,0.499999999999998);
#146=CIRCLE('',#2145,0.499999999999998);
#147=CIRCLE('',#2146,0.499999999999998);
#148=CIRCLE('',#2147,0.499999999999998);
#149=CIRCLE('',#2148,0.499999999999998);
#150=CIRCLE('',#2149,0.499999999999998);
#151=CIRCLE('',#2150,0.499999999999998);
#152=CIRCLE('',#2151,0.5);
#153=CIRCLE('',#2152,0.499999999999998);
#154=CIRCLE('',#2153,0.5);
#155=CIRCLE('',#2154,0.499999999999998);
#156=CIRCLE('',#2155,0.499999999999998);
#157=CIRCLE('',#2156,0.499999999999998);
#158=CIRCLE('',#2157,0.499999999999998);
#159=CIRCLE('',#2158,0.499999999999998);
#160=CIRCLE('',#2159,0.499999999999998);
#161=CIRCLE('',#2160,0.499999999999998);
#162=CIRCLE('',#2161,0.499999999999998);
#163=CIRCLE('',#2162,0.499999999999998);
#164=CIRCLE('',#2163,0.5);
#165=CIRCLE('',#2164,0.499999999999998);
#166=CIRCLE('',#2165,0.5);
#167=CIRCLE('',#2166,0.5);
#168=CIRCLE('',#2167,0.499999999999998);
#169=CIRCLE('',#2168,0.5);
#170=CIRCLE('',#2169,0.499999999999998);
#171=CIRCLE('',#2170,0.5);
#172=CIRCLE('',#2171,0.499999999999998);
#173=CIRCLE('',#2172,0.5);
#174=CIRCLE('',#2173,0.499999999999998);
#175=CIRCLE('',#2174,0.5);
#176=CIRCLE('',#2175,0.5);
#177=CIRCLE('',#2176,0.5);
#178=CIRCLE('',#2177,0.5);
#179=CIRCLE('',#2179,2.5);
#180=CIRCLE('',#2181,2.5);
#181=FACE_OUTER_BOUND('',#283,.T.);
#182=FACE_OUTER_BOUND('',#298,.T.);
#183=FACE_OUTER_BOUND('',#299,.T.);
#184=FACE_OUTER_BOUND('',#300,.T.);
#185=FACE_OUTER_BOUND('',#301,.T.);
#186=FACE_OUTER_BOUND('',#302,.T.);
#187=FACE_OUTER_BOUND('',#303,.T.);
#188=FACE_OUTER_BOUND('',#304,.T.);
#189=FACE_OUTER_BOUND('',#305,.T.);
#190=FACE_OUTER_BOUND('',#306,.T.);
#191=FACE_OUTER_BOUND('',#307,.T.);
#192=FACE_OUTER_BOUND('',#308,.T.);
#193=FACE_OUTER_BOUND('',#309,.T.);
#194=FACE_OUTER_BOUND('',#310,.T.);
#195=FACE_OUTER_BOUND('',#311,.T.);
#196=FACE_OUTER_BOUND('',#326,.T.);
#197=FACE_OUTER_BOUND('',#327,.T.);
#198=FACE_OUTER_BOUND('',#328,.T.);
#199=FACE_OUTER_BOUND('',#329,.T.);
#200=FACE_OUTER_BOUND('',#330,.T.);
#201=FACE_OUTER_BOUND('',#331,.T.);
#202=FACE_OUTER_BOUND('',#332,.T.);
#203=FACE_OUTER_BOUND('',#333,.T.);
#204=FACE_OUTER_BOUND('',#334,.T.);
#205=FACE_OUTER_BOUND('',#335,.T.);
#206=FACE_OUTER_BOUND('',#336,.T.);
#207=FACE_OUTER_BOUND('',#337,.T.);
#208=FACE_OUTER_BOUND('',#338,.T.);
#209=FACE_OUTER_BOUND('',#339,.T.);
#210=FACE_OUTER_BOUND('',#340,.T.);
#211=FACE_OUTER_BOUND('',#341,.T.);
#212=FACE_OUTER_BOUND('',#342,.T.);
#213=FACE_OUTER_BOUND('',#343,.T.);
#214=FACE_OUTER_BOUND('',#344,.T.);
#215=FACE_OUTER_BOUND('',#345,.T.);
#216=FACE_OUTER_BOUND('',#346,.T.);
#217=FACE_OUTER_BOUND('',#347,.T.);
#218=FACE_OUTER_BOUND('',#348,.T.);
#219=FACE_OUTER_BOUND('',#349,.T.);
#220=FACE_OUTER_BOUND('',#350,.T.);
#221=FACE_OUTER_BOUND('',#351,.T.);
#222=FACE_OUTER_BOUND('',#352,.T.);
#223=FACE_OUTER_BOUND('',#353,.T.);
#224=FACE_OUTER_BOUND('',#354,.T.);
#225=FACE_OUTER_BOUND('',#355,.T.);
#226=FACE_OUTER_BOUND('',#356,.T.);
#227=FACE_OUTER_BOUND('',#357,.T.);
#228=FACE_OUTER_BOUND('',#358,.T.);
#229=FACE_OUTER_BOUND('',#359,.T.);
#230=FACE_OUTER_BOUND('',#360,.T.);
#231=FACE_OUTER_BOUND('',#361,.T.);
#232=FACE_OUTER_BOUND('',#362,.T.);
#233=FACE_OUTER_BOUND('',#363,.T.);
#234=FACE_OUTER_BOUND('',#364,.T.);
#235=FACE_OUTER_BOUND('',#365,.T.);
#236=FACE_OUTER_BOUND('',#366,.T.);
#237=FACE_OUTER_BOUND('',#367,.T.);
#238=FACE_OUTER_BOUND('',#368,.T.);
#239=FACE_OUTER_BOUND('',#369,.T.);
#240=FACE_OUTER_BOUND('',#370,.T.);
#241=FACE_OUTER_BOUND('',#371,.T.);
#242=FACE_OUTER_BOUND('',#372,.T.);
#243=FACE_OUTER_BOUND('',#373,.T.);
#244=FACE_OUTER_BOUND('',#374,.T.);
#245=FACE_OUTER_BOUND('',#375,.T.);
#246=FACE_OUTER_BOUND('',#376,.T.);
#247=FACE_OUTER_BOUND('',#377,.T.);
#248=FACE_OUTER_BOUND('',#378,.T.);
#249=FACE_OUTER_BOUND('',#379,.T.);
#250=FACE_OUTER_BOUND('',#380,.T.);
#251=FACE_OUTER_BOUND('',#381,.T.);
#252=FACE_OUTER_BOUND('',#382,.T.);
#253=FACE_OUTER_BOUND('',#383,.T.);
#254=FACE_OUTER_BOUND('',#384,.T.);
#255=FACE_OUTER_BOUND('',#385,.T.);
#256=FACE_OUTER_BOUND('',#386,.T.);
#257=FACE_OUTER_BOUND('',#387,.T.);
#258=FACE_OUTER_BOUND('',#388,.T.);
#259=FACE_OUTER_BOUND('',#389,.T.);
#260=FACE_OUTER_BOUND('',#390,.T.);
#261=FACE_OUTER_BOUND('',#391,.T.);
#262=FACE_OUTER_BOUND('',#392,.T.);
#263=FACE_OUTER_BOUND('',#393,.T.);
#264=FACE_OUTER_BOUND('',#394,.T.);
#265=FACE_OUTER_BOUND('',#395,.T.);
#266=FACE_OUTER_BOUND('',#396,.T.);
#267=FACE_OUTER_BOUND('',#397,.T.);
#268=FACE_OUTER_BOUND('',#398,.T.);
#269=FACE_OUTER_BOUND('',#399,.T.);
#270=FACE_OUTER_BOUND('',#400,.T.);
#271=FACE_OUTER_BOUND('',#401,.T.);
#272=FACE_OUTER_BOUND('',#402,.T.);
#273=FACE_OUTER_BOUND('',#403,.T.);
#274=FACE_OUTER_BOUND('',#404,.T.);
#275=FACE_OUTER_BOUND('',#405,.T.);
#276=FACE_OUTER_BOUND('',#406,.T.);
#277=FACE_OUTER_BOUND('',#407,.T.);
#278=FACE_OUTER_BOUND('',#408,.T.);
#279=FACE_OUTER_BOUND('',#409,.T.);
#280=FACE_OUTER_BOUND('',#410,.T.);
#281=FACE_OUTER_BOUND('',#411,.T.);
#282=FACE_OUTER_BOUND('',#412,.T.);
#283=EDGE_LOOP('',(#1313,#1314,#1315,#1316));
#284=EDGE_LOOP('',(#1317));
#285=EDGE_LOOP('',(#1318));
#286=EDGE_LOOP('',(#1319,#1320,#1321,#1322));
#287=EDGE_LOOP('',(#1323,#1324,#1325,#1326,#1327,#1328,#1329,#1330));
#288=EDGE_LOOP('',(#1331,#1332,#1333,#1334,#1335,#1336,#1337,#1338));
#289=EDGE_LOOP('',(#1339,#1340,#1341,#1342,#1343,#1344,#1345,#1346));
#290=EDGE_LOOP('',(#1347,#1348,#1349,#1350,#1351,#1352,#1353,#1354));
#291=EDGE_LOOP('',(#1355,#1356,#1357,#1358,#1359,#1360,#1361,#1362));
#292=EDGE_LOOP('',(#1363,#1364,#1365,#1366,#1367,#1368,#1369,#1370));
#293=EDGE_LOOP('',(#1371,#1372,#1373,#1374,#1375,#1376,#1377,#1378));
#294=EDGE_LOOP('',(#1379,#1380,#1381,#1382,#1383,#1384,#1385,#1386));
#295=EDGE_LOOP('',(#1387,#1388,#1389,#1390,#1391,#1392,#1393,#1394));
#296=EDGE_LOOP('',(#1395));
#297=EDGE_LOOP('',(#1396));
#298=EDGE_LOOP('',(#1397,#1398,#1399,#1400));
#299=EDGE_LOOP('',(#1401,#1402,#1403,#1404));
#300=EDGE_LOOP('',(#1405,#1406,#1407,#1408));
#301=EDGE_LOOP('',(#1409,#1410,#1411,#1412));
#302=EDGE_LOOP('',(#1413,#1414,#1415,#1416));
#303=EDGE_LOOP('',(#1417,#1418,#1419,#1420));
#304=EDGE_LOOP('',(#1421,#1422,#1423,#1424));
#305=EDGE_LOOP('',(#1425,#1426,#1427,#1428));
#306=EDGE_LOOP('',(#1429,#1430,#1431,#1432,#1433,#1434));
#307=EDGE_LOOP('',(#1435,#1436,#1437,#1438,#1439,#1440));
#308=EDGE_LOOP('',(#1441,#1442,#1443,#1444));
#309=EDGE_LOOP('',(#1445,#1446,#1447,#1448));
#310=EDGE_LOOP('',(#1449,#1450,#1451,#1452));
#311=EDGE_LOOP('',(#1453,#1454,#1455,#1456,#1457,#1458,#1459,#1460,#1461,
#1462,#1463,#1464));
#312=EDGE_LOOP('',(#1465,#1466,#1467,#1468,#1469,#1470,#1471,#1472));
#313=EDGE_LOOP('',(#1473,#1474,#1475,#1476,#1477,#1478,#1479,#1480));
#314=EDGE_LOOP('',(#1481,#1482,#1483,#1484,#1485,#1486,#1487,#1488));
#315=EDGE_LOOP('',(#1489,#1490,#1491,#1492,#1493,#1494,#1495,#1496));
#316=EDGE_LOOP('',(#1497,#1498,#1499,#1500,#1501,#1502,#1503,#1504));
#317=EDGE_LOOP('',(#1505,#1506,#1507,#1508,#1509,#1510,#1511,#1512));
#318=EDGE_LOOP('',(#1513,#1514,#1515,#1516,#1517,#1518,#1519,#1520));
#319=EDGE_LOOP('',(#1521,#1522,#1523,#1524,#1525,#1526,#1527,#1528));
#320=EDGE_LOOP('',(#1529,#1530,#1531,#1532,#1533,#1534,#1535,#1536));
#321=EDGE_LOOP('',(#1537,#1538,#1539,#1540));
#322=EDGE_LOOP('',(#1541));
#323=EDGE_LOOP('',(#1542));
#324=EDGE_LOOP('',(#1543));
#325=EDGE_LOOP('',(#1544));
#326=EDGE_LOOP('',(#1545,#1546,#1547,#1548,#1549,#1550));
#327=EDGE_LOOP('',(#1551,#1552,#1553,#1554,#1555,#1556));
#328=EDGE_LOOP('',(#1557,#1558,#1559,#1560));
#329=EDGE_LOOP('',(#1561,#1562,#1563,#1564));
#330=EDGE_LOOP('',(#1565,#1566,#1567,#1568));
#331=EDGE_LOOP('',(#1569,#1570,#1571,#1572,#1573,#1574,#1575,#1576));
#332=EDGE_LOOP('',(#1577,#1578,#1579,#1580,#1581,#1582,#1583,#1584));
#333=EDGE_LOOP('',(#1585,#1586,#1587,#1588));
#334=EDGE_LOOP('',(#1589,#1590,#1591,#1592));
#335=EDGE_LOOP('',(#1593,#1594,#1595,#1596));
#336=EDGE_LOOP('',(#1597,#1598,#1599,#1600));
#337=EDGE_LOOP('',(#1601,#1602,#1603,#1604));
#338=EDGE_LOOP('',(#1605,#1606,#1607,#1608));
#339=EDGE_LOOP('',(#1609,#1610,#1611,#1612));
#340=EDGE_LOOP('',(#1613,#1614,#1615,#1616));
#341=EDGE_LOOP('',(#1617,#1618,#1619,#1620));
#342=EDGE_LOOP('',(#1621,#1622,#1623,#1624));
#343=EDGE_LOOP('',(#1625,#1626,#1627,#1628));
#344=EDGE_LOOP('',(#1629,#1630,#1631,#1632));
#345=EDGE_LOOP('',(#1633,#1634,#1635,#1636));
#346=EDGE_LOOP('',(#1637,#1638,#1639,#1640));
#347=EDGE_LOOP('',(#1641,#1642,#1643,#1644));
#348=EDGE_LOOP('',(#1645,#1646,#1647,#1648));
#349=EDGE_LOOP('',(#1649,#1650,#1651,#1652));
#350=EDGE_LOOP('',(#1653,#1654,#1655,#1656));
#351=EDGE_LOOP('',(#1657,#1658,#1659,#1660));
#352=EDGE_LOOP('',(#1661,#1662,#1663,#1664));
#353=EDGE_LOOP('',(#1665,#1666,#1667,#1668));
#354=EDGE_LOOP('',(#1669,#1670,#1671,#1672));
#355=EDGE_LOOP('',(#1673,#1674,#1675,#1676));
#356=EDGE_LOOP('',(#1677,#1678,#1679,#1680));
#357=EDGE_LOOP('',(#1681,#1682,#1683,#1684));
#358=EDGE_LOOP('',(#1685,#1686,#1687,#1688));
#359=EDGE_LOOP('',(#1689,#1690,#1691,#1692));
#360=EDGE_LOOP('',(#1693,#1694,#1695,#1696));
#361=EDGE_LOOP('',(#1697,#1698,#1699,#1700));
#362=EDGE_LOOP('',(#1701,#1702,#1703,#1704));
#363=EDGE_LOOP('',(#1705,#1706,#1707,#1708));
#364=EDGE_LOOP('',(#1709,#1710,#1711,#1712));
#365=EDGE_LOOP('',(#1713,#1714,#1715,#1716));
#366=EDGE_LOOP('',(#1717,#1718,#1719,#1720));
#367=EDGE_LOOP('',(#1721,#1722,#1723,#1724));
#368=EDGE_LOOP('',(#1725,#1726,#1727,#1728));
#369=EDGE_LOOP('',(#1729,#1730,#1731,#1732));
#370=EDGE_LOOP('',(#1733,#1734,#1735,#1736));
#371=EDGE_LOOP('',(#1737,#1738,#1739,#1740));
#372=EDGE_LOOP('',(#1741,#1742,#1743,#1744));
#373=EDGE_LOOP('',(#1745,#1746,#1747,#1748));
#374=EDGE_LOOP('',(#1749,#1750,#1751,#1752));
#375=EDGE_LOOP('',(#1753,#1754,#1755,#1756));
#376=EDGE_LOOP('',(#1757,#1758,#1759,#1760));
#377=EDGE_LOOP('',(#1761,#1762,#1763,#1764));
#378=EDGE_LOOP('',(#1765,#1766,#1767,#1768));
#379=EDGE_LOOP('',(#1769,#1770,#1771,#1772));
#380=EDGE_LOOP('',(#1773,#1774,#1775,#1776));
#381=EDGE_LOOP('',(#1777,#1778,#1779,#1780));
#382=EDGE_LOOP('',(#1781,#1782,#1783,#1784));
#383=EDGE_LOOP('',(#1785,#1786,#1787,#1788));
#384=EDGE_LOOP('',(#1789,#1790,#1791,#1792));
#385=EDGE_LOOP('',(#1793,#1794,#1795,#1796));
#386=EDGE_LOOP('',(#1797,#1798,#1799,#1800));
#387=EDGE_LOOP('',(#1801,#1802,#1803,#1804));
#388=EDGE_LOOP('',(#1805,#1806,#1807,#1808));
#389=EDGE_LOOP('',(#1809,#1810,#1811,#1812));
#390=EDGE_LOOP('',(#1813,#1814,#1815,#1816));
#391=EDGE_LOOP('',(#1817,#1818,#1819,#1820));
#392=EDGE_LOOP('',(#1821,#1822,#1823,#1824));
#393=EDGE_LOOP('',(#1825,#1826,#1827,#1828));
#394=EDGE_LOOP('',(#1829,#1830,#1831,#1832));
#395=EDGE_LOOP('',(#1833,#1834,#1835,#1836));
#396=EDGE_LOOP('',(#1837,#1838,#1839,#1840));
#397=EDGE_LOOP('',(#1841,#1842,#1843,#1844));
#398=EDGE_LOOP('',(#1845,#1846,#1847,#1848));
#399=EDGE_LOOP('',(#1849,#1850,#1851,#1852));
#400=EDGE_LOOP('',(#1853,#1854,#1855,#1856));
#401=EDGE_LOOP('',(#1857,#1858,#1859,#1860));
#402=EDGE_LOOP('',(#1861,#1862,#1863,#1864));
#403=EDGE_LOOP('',(#1865,#1866,#1867,#1868));
#404=EDGE_LOOP('',(#1869,#1870,#1871,#1872));
#405=EDGE_LOOP('',(#1873,#1874,#1875,#1876));
#406=EDGE_LOOP('',(#1877,#1878,#1879,#1880));
#407=EDGE_LOOP('',(#1881,#1882,#1883,#1884));
#408=EDGE_LOOP('',(#1885,#1886,#1887,#1888));
#409=EDGE_LOOP('',(#1889,#1890,#1891,#1892));
#410=EDGE_LOOP('',(#1893,#1894,#1895,#1896));
#411=EDGE_LOOP('',(#1897,#1898,#1899,#1900));
#412=EDGE_LOOP('',(#1901,#1902,#1903,#1904));
#413=LINE('',#2869,#617);
#414=LINE('',#2871,#618);
#415=LINE('',#2873,#619);
#416=LINE('',#2874,#620);
#417=LINE('',#2881,#621);
#418=LINE('',#2883,#622);
#419=LINE('',#2885,#623);
#420=LINE('',#2886,#624);
#421=LINE('',#2889,#625);
#422=LINE('',#2893,#626);
#423=LINE('',#2897,#627);
#424=LINE('',#2901,#628);
#425=LINE('',#2905,#629);
#426=LINE('',#2909,#630);
#427=LINE('',#2913,#631);
#428=LINE('',#2917,#632);
#429=LINE('',#2921,#633);
#430=LINE('',#2925,#634);
#431=LINE('',#2929,#635);
#432=LINE('',#2933,#636);
#433=LINE('',#2937,#637);
#434=LINE('',#2941,#638);
#435=LINE('',#2945,#639);
#436=LINE('',#2949,#640);
#437=LINE('',#2953,#641);
#438=LINE('',#2957,#642);
#439=LINE('',#2961,#643);
#440=LINE('',#2965,#644);
#441=LINE('',#2969,#645);
#442=LINE('',#2973,#646);
#443=LINE('',#2977,#647);
#444=LINE('',#2981,#648);
#445=LINE('',#2985,#649);
#446=LINE('',#2989,#650);
#447=LINE('',#2993,#651);
#448=LINE('',#2997,#652);
#449=LINE('',#3001,#653);
#450=LINE('',#3005,#654);
#451=LINE('',#3009,#655);
#452=LINE('',#3013,#656);
#453=LINE('',#3017,#657);
#454=LINE('',#3021,#658);
#455=LINE('',#3025,#659);
#456=LINE('',#3029,#660);
#457=LINE('',#3038,#661);
#458=LINE('',#3042,#662);
#459=LINE('',#3046,#663);
#460=LINE('',#3050,#664);
#461=LINE('',#3056,#665);
#462=LINE('',#3059,#666);
#463=LINE('',#3062,#667);
#464=LINE('',#3064,#668);
#465=LINE('',#3065,#669);
#466=LINE('',#3071,#670);
#467=LINE('',#3074,#671);
#468=LINE('',#3077,#672);
#469=LINE('',#3079,#673);
#470=LINE('',#3080,#674);
#471=LINE('',#3084,#675);
#472=LINE('',#3086,#676);
#473=LINE('',#3087,#677);
#474=LINE('',#3092,#678);
#475=LINE('',#3095,#679);
#476=LINE('',#3096,#680);
#477=LINE('',#3098,#681);
#478=LINE('',#3101,#682);
#479=LINE('',#3103,#683);
#480=LINE('',#3104,#684);
#481=LINE('',#3107,#685);
#482=LINE('',#3109,#686);
#483=LINE('',#3110,#687);
#484=LINE('',#3113,#688);
#485=LINE('',#3115,#689);
#486=LINE('',#3117,#690);
#487=LINE('',#3119,#691);
#488=LINE('',#3121,#692);
#489=LINE('',#3123,#693);
#490=LINE('',#3124,#694);
#491=LINE('',#3127,#695);
#492=LINE('',#3131,#696);
#493=LINE('',#3135,#697);
#494=LINE('',#3139,#698);
#495=LINE('',#3143,#699);
#496=LINE('',#3147,#700);
#497=LINE('',#3151,#701);
#498=LINE('',#3155,#702);
#499=LINE('',#3159,#703);
#500=LINE('',#3163,#704);
#501=LINE('',#3167,#705);
#502=LINE('',#3171,#706);
#503=LINE('',#3175,#707);
#504=LINE('',#3179,#708);
#505=LINE('',#3183,#709);
#506=LINE('',#3187,#710);
#507=LINE('',#3191,#711);
#508=LINE('',#3195,#712);
#509=LINE('',#3199,#713);
#510=LINE('',#3203,#714);
#511=LINE('',#3207,#715);
#512=LINE('',#3211,#716);
#513=LINE('',#3215,#717);
#514=LINE('',#3219,#718);
#515=LINE('',#3223,#719);
#516=LINE('',#3227,#720);
#517=LINE('',#3231,#721);
#518=LINE('',#3235,#722);
#519=LINE('',#3239,#723);
#520=LINE('',#3243,#724);
#521=LINE('',#3247,#725);
#522=LINE('',#3251,#726);
#523=LINE('',#3255,#727);
#524=LINE('',#3259,#728);
#525=LINE('',#3263,#729);
#526=LINE('',#3267,#730);
#527=LINE('',#3271,#731);
#528=LINE('',#3273,#732);
#529=LINE('',#3275,#733);
#530=LINE('',#3276,#734);
#531=LINE('',#3279,#735);
#532=LINE('',#3280,#736);
#533=LINE('',#3284,#737);
#534=LINE('',#3286,#738);
#535=LINE('',#3290,#739);
#536=LINE('',#3291,#740);
#537=LINE('',#3294,#741);
#538=LINE('',#3295,#742);
#539=LINE('',#3303,#743);
#540=LINE('',#3305,#744);
#541=LINE('',#3308,#745);
#542=LINE('',#3309,#746);
#543=LINE('',#3311,#747);
#544=LINE('',#3313,#748);
#545=LINE('',#3315,#749);
#546=LINE('',#3317,#750);
#547=LINE('',#3319,#751);
#548=LINE('',#3321,#752);
#549=LINE('',#3324,#753);
#550=LINE('',#3325,#754);
#551=LINE('',#3327,#755);
#552=LINE('',#3329,#756);
#553=LINE('',#3331,#757);
#554=LINE('',#3333,#758);
#555=LINE('',#3335,#759);
#556=LINE('',#3337,#760);
#557=LINE('',#3340,#761);
#558=LINE('',#3341,#762);
#559=LINE('',#3343,#763);
#560=LINE('',#3345,#764);
#561=LINE('',#3347,#765);
#562=LINE('',#3349,#766);
#563=LINE('',#3351,#767);
#564=LINE('',#3353,#768);
#565=LINE('',#3356,#769);
#566=LINE('',#3357,#770);
#567=LINE('',#3359,#771);
#568=LINE('',#3361,#772);
#569=LINE('',#3363,#773);
#570=LINE('',#3365,#774);
#571=LINE('',#3367,#775);
#572=LINE('',#3369,#776);
#573=LINE('',#3372,#777);
#574=LINE('',#3373,#778);
#575=LINE('',#3375,#779);
#576=LINE('',#3377,#780);
#577=LINE('',#3379,#781);
#578=LINE('',#3381,#782);
#579=LINE('',#3383,#783);
#580=LINE('',#3385,#784);
#581=LINE('',#3388,#785);
#582=LINE('',#3389,#786);
#583=LINE('',#3391,#787);
#584=LINE('',#3393,#788);
#585=LINE('',#3395,#789);
#586=LINE('',#3397,#790);
#587=LINE('',#3399,#791);
#588=LINE('',#3401,#792);
#589=LINE('',#3404,#793);
#590=LINE('',#3405,#794);
#591=LINE('',#3407,#795);
#592=LINE('',#3409,#796);
#593=LINE('',#3411,#797);
#594=LINE('',#3413,#798);
#595=LINE('',#3415,#799);
#596=LINE('',#3417,#800);
#597=LINE('',#3420,#801);
#598=LINE('',#3421,#802);
#599=LINE('',#3423,#803);
#600=LINE('',#3425,#804);
#601=LINE('',#3427,#805);
#602=LINE('',#3429,#806);
#603=LINE('',#3431,#807);
#604=LINE('',#3433,#808);
#605=LINE('',#3436,#809);
#606=LINE('',#3437,#810);
#607=LINE('',#3439,#811);
#608=LINE('',#3441,#812);
#609=LINE('',#3443,#813);
#610=LINE('',#3445,#814);
#611=LINE('',#3447,#815);
#612=LINE('',#3449,#816);
#613=LINE('',#3453,#817);
#614=LINE('',#3454,#818);
#615=LINE('',#3456,#819);
#616=LINE('',#3458,#820);
#617=VECTOR('',#2275,10.);
#618=VECTOR('',#2276,10.);
#619=VECTOR('',#2277,10.);
#620=VECTOR('',#2278,10.);
#621=VECTOR('',#2283,10.);
#622=VECTOR('',#2284,10.);
#623=VECTOR('',#2285,10.);
#624=VECTOR('',#2286,10.);
#625=VECTOR('',#2287,10.);
#626=VECTOR('',#2290,10.);
#627=VECTOR('',#2293,10.);
#628=VECTOR('',#2296,10.);
#629=VECTOR('',#2299,10.);
#630=VECTOR('',#2302,10.);
#631=VECTOR('',#2305,10.);
#632=VECTOR('',#2308,10.);
#633=VECTOR('',#2311,10.);
#634=VECTOR('',#2314,10.);
#635=VECTOR('',#2317,10.);
#636=VECTOR('',#2320,10.);
#637=VECTOR('',#2323,10.);
#638=VECTOR('',#2326,10.);
#639=VECTOR('',#2329,10.);
#640=VECTOR('',#2332,10.);
#641=VECTOR('',#2335,10.);
#642=VECTOR('',#2338,10.);
#643=VECTOR('',#2341,10.);
#644=VECTOR('',#2344,10.);
#645=VECTOR('',#2347,10.);
#646=VECTOR('',#2350,10.);
#647=VECTOR('',#2353,10.);
#648=VECTOR('',#2356,10.);
#649=VECTOR('',#2359,10.);
#650=VECTOR('',#2362,10.);
#651=VECTOR('',#2365,10.);
#652=VECTOR('',#2368,10.);
#653=VECTOR('',#2371,10.);
#654=VECTOR('',#2374,10.);
#655=VECTOR('',#2377,10.);
#656=VECTOR('',#2380,10.);
#657=VECTOR('',#2383,10.);
#658=VECTOR('',#2386,10.);
#659=VECTOR('',#2389,10.);
#660=VECTOR('',#2392,10.);
#661=VECTOR('',#2403,1.45);
#662=VECTOR('',#2408,1.45);
#663=VECTOR('',#2413,1.45);
#664=VECTOR('',#2418,1.45);
#665=VECTOR('',#2423,10.);
#666=VECTOR('',#2426,10.);
#667=VECTOR('',#2429,10.);
#668=VECTOR('',#2430,10.);
#669=VECTOR('',#2431,10.);
#670=VECTOR('',#2436,10.);
#671=VECTOR('',#2439,10.);
#672=VECTOR('',#2442,10.);
#673=VECTOR('',#2443,10.);
#674=VECTOR('',#2444,10.);
#675=VECTOR('',#2447,10.);
#676=VECTOR('',#2448,10.);
#677=VECTOR('',#2449,10.);
#678=VECTOR('',#2454,10.);
#679=VECTOR('',#2457,10.);
#680=VECTOR('',#2458,10.);
#681=VECTOR('',#2461,10.);
#682=VECTOR('',#2464,10.);
#683=VECTOR('',#2465,10.);
#684=VECTOR('',#2466,10.);
#685=VECTOR('',#2469,10.);
#686=VECTOR('',#2470,10.);
#687=VECTOR('',#2471,10.);
#688=VECTOR('',#2474,10.);
#689=VECTOR('',#2475,10.);
#690=VECTOR('',#2476,10.);
#691=VECTOR('',#2477,10.);
#692=VECTOR('',#2478,10.);
#693=VECTOR('',#2479,10.);
#694=VECTOR('',#2480,10.);
#695=VECTOR('',#2481,10.);
#696=VECTOR('',#2484,10.);
#697=VECTOR('',#2487,10.);
#698=VECTOR('',#2490,10.);
#699=VECTOR('',#2493,10.);
#700=VECTOR('',#2496,10.);
#701=VECTOR('',#2499,10.);
#702=VECTOR('',#2502,10.);
#703=VECTOR('',#2505,10.);
#704=VECTOR('',#2508,10.);
#705=VECTOR('',#2511,10.);
#706=VECTOR('',#2514,10.);
#707=VECTOR('',#2517,10.);
#708=VECTOR('',#2520,10.);
#709=VECTOR('',#2523,10.);
#710=VECTOR('',#2526,10.);
#711=VECTOR('',#2529,10.);
#712=VECTOR('',#2532,10.);
#713=VECTOR('',#2535,10.);
#714=VECTOR('',#2538,10.);
#715=VECTOR('',#2541,10.);
#716=VECTOR('',#2544,10.);
#717=VECTOR('',#2547,10.);
#718=VECTOR('',#2550,10.);
#719=VECTOR('',#2553,10.);
#720=VECTOR('',#2556,10.);
#721=VECTOR('',#2559,10.);
#722=VECTOR('',#2562,10.);
#723=VECTOR('',#2565,10.);
#724=VECTOR('',#2568,10.);
#725=VECTOR('',#2571,10.);
#726=VECTOR('',#2574,10.);
#727=VECTOR('',#2577,10.);
#728=VECTOR('',#2580,10.);
#729=VECTOR('',#2583,10.);
#730=VECTOR('',#2586,10.);
#731=VECTOR('',#2589,10.);
#732=VECTOR('',#2590,10.);
#733=VECTOR('',#2591,10.);
#734=VECTOR('',#2592,10.);
#735=VECTOR('',#2595,10.);
#736=VECTOR('',#2596,10.);
#737=VECTOR('',#2601,10.);
#738=VECTOR('',#2604,10.);
#739=VECTOR('',#2609,10.);
#740=VECTOR('',#2610,10.);
#741=VECTOR('',#2613,10.);
#742=VECTOR('',#2614,10.);
#743=VECTOR('',#2629,10.);
#744=VECTOR('',#2632,10.);
#745=VECTOR('',#2637,10.);
#746=VECTOR('',#2638,10.);
#747=VECTOR('',#2641,10.);
#748=VECTOR('',#2644,10.);
#749=VECTOR('',#2647,10.);
#750=VECTOR('',#2650,10.);
#751=VECTOR('',#2653,10.);
#752=VECTOR('',#2656,10.);
#753=VECTOR('',#2661,10.);
#754=VECTOR('',#2662,10.);
#755=VECTOR('',#2665,10.);
#756=VECTOR('',#2668,10.);
#757=VECTOR('',#2671,10.);
#758=VECTOR('',#2674,10.);
#759=VECTOR('',#2677,10.);
#760=VECTOR('',#2680,10.);
#761=VECTOR('',#2685,10.);
#762=VECTOR('',#2686,10.);
#763=VECTOR('',#2689,10.);
#764=VECTOR('',#2692,10.);
#765=VECTOR('',#2695,10.);
#766=VECTOR('',#2698,10.);
#767=VECTOR('',#2701,10.);
#768=VECTOR('',#2704,10.);
#769=VECTOR('',#2709,10.);
#770=VECTOR('',#2710,10.);
#771=VECTOR('',#2713,10.);
#772=VECTOR('',#2716,10.);
#773=VECTOR('',#2719,10.);
#774=VECTOR('',#2722,10.);
#775=VECTOR('',#2725,10.);
#776=VECTOR('',#2728,10.);
#777=VECTOR('',#2733,10.);
#778=VECTOR('',#2734,10.);
#779=VECTOR('',#2737,10.);
#780=VECTOR('',#2740,10.);
#781=VECTOR('',#2743,10.);
#782=VECTOR('',#2746,10.);
#783=VECTOR('',#2749,10.);
#784=VECTOR('',#2752,10.);
#785=VECTOR('',#2757,10.);
#786=VECTOR('',#2758,10.);
#787=VECTOR('',#2761,10.);
#788=VECTOR('',#2764,10.);
#789=VECTOR('',#2767,10.);
#790=VECTOR('',#2770,10.);
#791=VECTOR('',#2773,10.);
#792=VECTOR('',#2776,10.);
#793=VECTOR('',#2781,10.);
#794=VECTOR('',#2782,10.);
#795=VECTOR('',#2785,10.);
#796=VECTOR('',#2788,10.);
#797=VECTOR('',#2791,10.);
#798=VECTOR('',#2794,10.);
#799=VECTOR('',#2797,10.);
#800=VECTOR('',#2800,10.);
#801=VECTOR('',#2805,10.);
#802=VECTOR('',#2806,10.);
#803=VECTOR('',#2809,10.);
#804=VECTOR('',#2812,10.);
#805=VECTOR('',#2815,10.);
#806=VECTOR('',#2818,10.);
#807=VECTOR('',#2821,10.);
#808=VECTOR('',#2824,10.);
#809=VECTOR('',#2829,10.);
#810=VECTOR('',#2830,10.);
#811=VECTOR('',#2833,10.);
#812=VECTOR('',#2836,10.);
#813=VECTOR('',#2839,10.);
#814=VECTOR('',#2842,10.);
#815=VECTOR('',#2845,10.);
#816=VECTOR('',#2848,10.);
#817=VECTOR('',#2855,10.);
#818=VECTOR('',#2856,10.);
#819=VECTOR('',#2859,10.);
#820=VECTOR('',#2862,10.);
#821=VERTEX_POINT('',#2867);
#822=VERTEX_POINT('',#2868);
#823=VERTEX_POINT('',#2870);
#824=VERTEX_POINT('',#2872);
#825=VERTEX_POINT('',#2875);
#826=VERTEX_POINT('',#2877);
#827=VERTEX_POINT('',#2879);
#828=VERTEX_POINT('',#2880);
#829=VERTEX_POINT('',#2882);
#830=VERTEX_POINT('',#2884);
#831=VERTEX_POINT('',#2887);
#832=VERTEX_POINT('',#2888);
#833=VERTEX_POINT('',#2890);
#834=VERTEX_POINT('',#2892);
#835=VERTEX_POINT('',#2894);
#836=VERTEX_POINT('',#2896);
#837=VERTEX_POINT('',#2898);
#838=VERTEX_POINT('',#2900);
#839=VERTEX_POINT('',#2903);
#840=VERTEX_POINT('',#2904);
#841=VERTEX_POINT('',#2906);
#842=VERTEX_POINT('',#2908);
#843=VERTEX_POINT('',#2910);
#844=VERTEX_POINT('',#2912);
#845=VERTEX_POINT('',#2914);
#846=VERTEX_POINT('',#2916);
#847=VERTEX_POINT('',#2919);
#848=VERTEX_POINT('',#2920);
#849=VERTEX_POINT('',#2922);
#850=VERTEX_POINT('',#2924);
#851=VERTEX_POINT('',#2926);
#852=VERTEX_POINT('',#2928);
#853=VERTEX_POINT('',#2930);
#854=VERTEX_POINT('',#2932);
#855=VERTEX_POINT('',#2935);
#856=VERTEX_POINT('',#2936);
#857=VERTEX_POINT('',#2938);
#858=VERTEX_POINT('',#2940);
#859=VERTEX_POINT('',#2942);
#860=VERTEX_POINT('',#2944);
#861=VERTEX_POINT('',#2946);
#862=VERTEX_POINT('',#2948);
#863=VERTEX_POINT('',#2951);
#864=VERTEX_POINT('',#2952);
#865=VERTEX_POINT('',#2954);
#866=VERTEX_POINT('',#2956);
#867=VERTEX_POINT('',#2958);
#868=VERTEX_POINT('',#2960);
#869=VERTEX_POINT('',#2962);
#870=VERTEX_POINT('',#2964);
#871=VERTEX_POINT('',#2967);
#872=VERTEX_POINT('',#2968);
#873=VERTEX_POINT('',#2970);
#874=VERTEX_POINT('',#2972);
#875=VERTEX_POINT('',#2974);
#876=VERTEX_POINT('',#2976);
#877=VERTEX_POINT('',#2978);
#878=VERTEX_POINT('',#2980);
#879=VERTEX_POINT('',#2983);
#880=VERTEX_POINT('',#2984);
#881=VERTEX_POINT('',#2986);
#882=VERTEX_POINT('',#2988);
#883=VERTEX_POINT('',#2990);
#884=VERTEX_POINT('',#2992);
#885=VERTEX_POINT('',#2994);
#886=VERTEX_POINT('',#2996);
#887=VERTEX_POINT('',#2999);
#888=VERTEX_POINT('',#3000);
#889=VERTEX_POINT('',#3002);
#890=VERTEX_POINT('',#3004);
#891=VERTEX_POINT('',#3006);
#892=VERTEX_POINT('',#3008);
#893=VERTEX_POINT('',#3010);
#894=VERTEX_POINT('',#3012);
#895=VERTEX_POINT('',#3015);
#896=VERTEX_POINT('',#3016);
#897=VERTEX_POINT('',#3018);
#898=VERTEX_POINT('',#3020);
#899=VERTEX_POINT('',#3022);
#900=VERTEX_POINT('',#3024);
#901=VERTEX_POINT('',#3026);
#902=VERTEX_POINT('',#3028);
#903=VERTEX_POINT('',#3031);
#904=VERTEX_POINT('',#3033);
#905=VERTEX_POINT('',#3036);
#906=VERTEX_POINT('',#3040);
#907=VERTEX_POINT('',#3044);
#908=VERTEX_POINT('',#3048);
#909=VERTEX_POINT('',#3052);
#910=VERTEX_POINT('',#3053);
#911=VERTEX_POINT('',#3055);
#912=VERTEX_POINT('',#3057);
#913=VERTEX_POINT('',#3061);
#914=VERTEX_POINT('',#3063);
#915=VERTEX_POINT('',#3067);
#916=VERTEX_POINT('',#3068);
#917=VERTEX_POINT('',#3070);
#918=VERTEX_POINT('',#3072);
#919=VERTEX_POINT('',#3076);
#920=VERTEX_POINT('',#3078);
#921=VERTEX_POINT('',#3082);
#922=VERTEX_POINT('',#3083);
#923=VERTEX_POINT('',#3085);
#924=VERTEX_POINT('',#3090);
#925=VERTEX_POINT('',#3091);
#926=VERTEX_POINT('',#3094);
#927=VERTEX_POINT('',#3100);
#928=VERTEX_POINT('',#3102);
#929=VERTEX_POINT('',#3106);
#930=VERTEX_POINT('',#3108);
#931=VERTEX_POINT('',#3112);
#932=VERTEX_POINT('',#3114);
#933=VERTEX_POINT('',#3116);
#934=VERTEX_POINT('',#3118);
#935=VERTEX_POINT('',#3120);
#936=VERTEX_POINT('',#3122);
#937=VERTEX_POINT('',#3125);
#938=VERTEX_POINT('',#3126);
#939=VERTEX_POINT('',#3128);
#940=VERTEX_POINT('',#3130);
#941=VERTEX_POINT('',#3132);
#942=VERTEX_POINT('',#3134);
#943=VERTEX_POINT('',#3136);
#944=VERTEX_POINT('',#3138);
#945=VERTEX_POINT('',#3141);
#946=VERTEX_POINT('',#3142);
#947=VERTEX_POINT('',#3144);
#948=VERTEX_POINT('',#3146);
#949=VERTEX_POINT('',#3148);
#950=VERTEX_POINT('',#3150);
#951=VERTEX_POINT('',#3152);
#952=VERTEX_POINT('',#3154);
#953=VERTEX_POINT('',#3157);
#954=VERTEX_POINT('',#3158);
#955=VERTEX_POINT('',#3160);
#956=VERTEX_POINT('',#3162);
#957=VERTEX_POINT('',#3164);
#958=VERTEX_POINT('',#3166);
#959=VERTEX_POINT('',#3168);
#960=VERTEX_POINT('',#3170);
#961=VERTEX_POINT('',#3173);
#962=VERTEX_POINT('',#3174);
#963=VERTEX_POINT('',#3176);
#964=VERTEX_POINT('',#3178);
#965=VERTEX_POINT('',#3180);
#966=VERTEX_POINT('',#3182);
#967=VERTEX_POINT('',#3184);
#968=VERTEX_POINT('',#3186);
#969=VERTEX_POINT('',#3189);
#970=VERTEX_POINT('',#3190);
#971=VERTEX_POINT('',#3192);
#972=VERTEX_POINT('',#3194);
#973=VERTEX_POINT('',#3196);
#974=VERTEX_POINT('',#3198);
#975=VERTEX_POINT('',#3200);
#976=VERTEX_POINT('',#3202);
#977=VERTEX_POINT('',#3205);
#978=VERTEX_POINT('',#3206);
#979=VERTEX_POINT('',#3208);
#980=VERTEX_POINT('',#3210);
#981=VERTEX_POINT('',#3212);
#982=VERTEX_POINT('',#3214);
#983=VERTEX_POINT('',#3216);
#984=VERTEX_POINT('',#3218);
#985=VERTEX_POINT('',#3221);
#986=VERTEX_POINT('',#3222);
#987=VERTEX_POINT('',#3224);
#988=VERTEX_POINT('',#3226);
#989=VERTEX_POINT('',#3228);
#990=VERTEX_POINT('',#3230);
#991=VERTEX_POINT('',#3232);
#992=VERTEX_POINT('',#3234);
#993=VERTEX_POINT('',#3237);
#994=VERTEX_POINT('',#3238);
#995=VERTEX_POINT('',#3240);
#996=VERTEX_POINT('',#3242);
#997=VERTEX_POINT('',#3244);
#998=VERTEX_POINT('',#3246);
#999=VERTEX_POINT('',#3248);
#1000=VERTEX_POINT('',#3250);
#1001=VERTEX_POINT('',#3253);
#1002=VERTEX_POINT('',#3254);
#1003=VERTEX_POINT('',#3256);
#1004=VERTEX_POINT('',#3258);
#1005=VERTEX_POINT('',#3260);
#1006=VERTEX_POINT('',#3262);
#1007=VERTEX_POINT('',#3264);
#1008=VERTEX_POINT('',#3266);
#1009=VERTEX_POINT('',#3269);
#1010=VERTEX_POINT('',#3270);
#1011=VERTEX_POINT('',#3272);
#1012=VERTEX_POINT('',#3274);
#1013=VERTEX_POINT('',#3278);
#1014=VERTEX_POINT('',#3283);
#1015=VERTEX_POINT('',#3289);
#1016=VERTEX_POINT('',#3293);
#1017=EDGE_CURVE('',#821,#822,#413,.T.);
#1018=EDGE_CURVE('',#823,#821,#414,.T.);
#1019=EDGE_CURVE('',#824,#823,#415,.T.);
#1020=EDGE_CURVE('',#822,#824,#416,.T.);
#1021=EDGE_CURVE('',#825,#825,#93,.T.);
#1022=EDGE_CURVE('',#826,#826,#94,.T.);
#1023=EDGE_CURVE('',#827,#828,#417,.T.);
#1024=EDGE_CURVE('',#828,#829,#418,.T.);
#1025=EDGE_CURVE('',#829,#830,#419,.T.);
#1026=EDGE_CURVE('',#830,#827,#420,.T.);
#1027=EDGE_CURVE('',#831,#832,#421,.T.);
#1028=EDGE_CURVE('',#832,#833,#95,.T.);
#1029=EDGE_CURVE('',#833,#834,#422,.T.);
#1030=EDGE_CURVE('',#834,#835,#96,.T.);
#1031=EDGE_CURVE('',#835,#836,#423,.T.);
#1032=EDGE_CURVE('',#836,#837,#97,.T.);
#1033=EDGE_CURVE('',#837,#838,#424,.T.);
#1034=EDGE_CURVE('',#838,#831,#98,.T.);
#1035=EDGE_CURVE('',#839,#840,#425,.T.);
#1036=EDGE_CURVE('',#840,#841,#99,.T.);
#1037=EDGE_CURVE('',#841,#842,#426,.T.);
#1038=EDGE_CURVE('',#842,#843,#100,.T.);
#1039=EDGE_CURVE('',#843,#844,#427,.T.);
#1040=EDGE_CURVE('',#844,#845,#101,.T.);
#1041=EDGE_CURVE('',#845,#846,#428,.T.);
#1042=EDGE_CURVE('',#846,#839,#102,.T.);
#1043=EDGE_CURVE('',#847,#848,#429,.T.);
#1044=EDGE_CURVE('',#848,#849,#103,.T.);
#1045=EDGE_CURVE('',#849,#850,#430,.T.);
#1046=EDGE_CURVE('',#850,#851,#104,.T.);
#1047=EDGE_CURVE('',#851,#852,#431,.T.);
#1048=EDGE_CURVE('',#852,#853,#105,.T.);
#1049=EDGE_CURVE('',#853,#854,#432,.T.);
#1050=EDGE_CURVE('',#854,#847,#106,.T.);
#1051=EDGE_CURVE('',#855,#856,#433,.T.);
#1052=EDGE_CURVE('',#856,#857,#107,.T.);
#1053=EDGE_CURVE('',#857,#858,#434,.T.);
#1054=EDGE_CURVE('',#858,#859,#108,.T.);
#1055=EDGE_CURVE('',#859,#860,#435,.T.);
#1056=EDGE_CURVE('',#860,#861,#109,.T.);
#1057=EDGE_CURVE('',#861,#862,#436,.T.);
#1058=EDGE_CURVE('',#862,#855,#110,.T.);
#1059=EDGE_CURVE('',#863,#864,#437,.T.);
#1060=EDGE_CURVE('',#864,#865,#111,.T.);
#1061=EDGE_CURVE('',#865,#866,#438,.T.);
#1062=EDGE_CURVE('',#866,#867,#112,.T.);
#1063=EDGE_CURVE('',#867,#868,#439,.T.);
#1064=EDGE_CURVE('',#868,#869,#113,.T.);
#1065=EDGE_CURVE('',#869,#870,#440,.T.);
#1066=EDGE_CURVE('',#870,#863,#114,.T.);
#1067=EDGE_CURVE('',#871,#872,#441,.T.);
#1068=EDGE_CURVE('',#872,#873,#115,.T.);
#1069=EDGE_CURVE('',#873,#874,#442,.T.);
#1070=EDGE_CURVE('',#874,#875,#116,.T.);
#1071=EDGE_CURVE('',#875,#876,#443,.T.);
#1072=EDGE_CURVE('',#876,#877,#117,.T.);
#1073=EDGE_CURVE('',#877,#878,#444,.T.);
#1074=EDGE_CURVE('',#878,#871,#118,.T.);
#1075=EDGE_CURVE('',#879,#880,#445,.T.);
#1076=EDGE_CURVE('',#880,#881,#119,.T.);
#1077=EDGE_CURVE('',#881,#882,#446,.T.);
#1078=EDGE_CURVE('',#882,#883,#120,.T.);
#1079=EDGE_CURVE('',#883,#884,#447,.T.);
#1080=EDGE_CURVE('',#884,#885,#121,.T.);
#1081=EDGE_CURVE('',#885,#886,#448,.T.);
#1082=EDGE_CURVE('',#886,#879,#122,.T.);
#1083=EDGE_CURVE('',#887,#888,#449,.T.);
#1084=EDGE_CURVE('',#888,#889,#123,.T.);
#1085=EDGE_CURVE('',#889,#890,#450,.T.);
#1086=EDGE_CURVE('',#890,#891,#124,.T.);
#1087=EDGE_CURVE('',#891,#892,#451,.T.);
#1088=EDGE_CURVE('',#892,#893,#125,.T.);
#1089=EDGE_CURVE('',#893,#894,#452,.T.);
#1090=EDGE_CURVE('',#894,#887,#126,.T.);
#1091=EDGE_CURVE('',#895,#896,#453,.T.);
#1092=EDGE_CURVE('',#896,#897,#127,.T.);
#1093=EDGE_CURVE('',#897,#898,#454,.T.);
#1094=EDGE_CURVE('',#898,#899,#128,.T.);
#1095=EDGE_CURVE('',#899,#900,#455,.T.);
#1096=EDGE_CURVE('',#900,#901,#129,.T.);
#1097=EDGE_CURVE('',#901,#902,#456,.T.);
#1098=EDGE_CURVE('',#902,#895,#130,.T.);
#1099=EDGE_CURVE('',#903,#903,#131,.T.);
#1100=EDGE_CURVE('',#904,#904,#132,.T.);
#1101=EDGE_CURVE('',#905,#905,#133,.T.);
#1102=EDGE_CURVE('',#905,#904,#457,.T.);
#1103=EDGE_CURVE('',#906,#906,#134,.T.);
#1104=EDGE_CURVE('',#906,#825,#458,.T.);
#1105=EDGE_CURVE('',#907,#907,#135,.T.);
#1106=EDGE_CURVE('',#907,#826,#459,.T.);
#1107=EDGE_CURVE('',#908,#908,#136,.T.);
#1108=EDGE_CURVE('',#908,#903,#460,.T.);
#1109=EDGE_CURVE('',#909,#910,#137,.T.);
#1110=EDGE_CURVE('',#909,#911,#461,.T.);
#1111=EDGE_CURVE('',#911,#912,#138,.F.);
#1112=EDGE_CURVE('',#912,#910,#462,.T.);
#1113=EDGE_CURVE('',#912,#913,#463,.T.);
#1114=EDGE_CURVE('',#913,#914,#464,.T.);
#1115=EDGE_CURVE('',#910,#914,#465,.T.);
#1116=EDGE_CURVE('',#915,#916,#139,.T.);
#1117=EDGE_CURVE('',#915,#917,#466,.T.);
#1118=EDGE_CURVE('',#917,#918,#140,.F.);
#1119=EDGE_CURVE('',#918,#916,#467,.T.);
#1120=EDGE_CURVE('',#918,#919,#468,.T.);
#1121=EDGE_CURVE('',#919,#920,#469,.T.);
#1122=EDGE_CURVE('',#916,#920,#470,.T.);
#1123=EDGE_CURVE('',#921,#922,#471,.T.);
#1124=EDGE_CURVE('',#923,#921,#472,.T.);
#1125=EDGE_CURVE('',#923,#919,#473,.T.);
#1126=EDGE_CURVE('',#917,#922,#141,.T.);
#1127=EDGE_CURVE('',#924,#925,#474,.T.);
#1128=EDGE_CURVE('',#924,#915,#142,.T.);
#1129=EDGE_CURVE('',#920,#926,#475,.T.);
#1130=EDGE_CURVE('',#925,#926,#476,.T.);
#1131=EDGE_CURVE('',#926,#923,#477,.T.);
#1132=EDGE_CURVE('',#927,#922,#478,.T.);
#1133=EDGE_CURVE('',#928,#927,#479,.T.);
#1134=EDGE_CURVE('',#921,#928,#480,.T.);
#1135=EDGE_CURVE('',#929,#925,#481,.T.);
#1136=EDGE_CURVE('',#930,#929,#482,.T.);
#1137=EDGE_CURVE('',#924,#930,#483,.T.);
#1138=EDGE_CURVE('',#931,#928,#484,.T.);
#1139=EDGE_CURVE('',#931,#932,#485,.T.);
#1140=EDGE_CURVE('',#932,#933,#486,.T.);
#1141=EDGE_CURVE('',#933,#934,#487,.T.);
#1142=EDGE_CURVE('',#934,#935,#488,.T.);
#1143=EDGE_CURVE('',#935,#936,#489,.T.);
#1144=EDGE_CURVE('',#929,#936,#490,.T.);
#1145=EDGE_CURVE('',#937,#938,#491,.T.);
#1146=EDGE_CURVE('',#937,#939,#143,.T.);
#1147=EDGE_CURVE('',#939,#940,#492,.T.);
#1148=EDGE_CURVE('',#940,#941,#144,.T.);
#1149=EDGE_CURVE('',#941,#942,#493,.T.);
#1150=EDGE_CURVE('',#942,#943,#145,.T.);
#1151=EDGE_CURVE('',#944,#943,#494,.T.);
#1152=EDGE_CURVE('',#944,#938,#146,.T.);
#1153=EDGE_CURVE('',#945,#946,#495,.T.);
#1154=EDGE_CURVE('',#945,#947,#147,.T.);
#1155=EDGE_CURVE('',#947,#948,#496,.T.);
#1156=EDGE_CURVE('',#948,#949,#148,.T.);
#1157=EDGE_CURVE('',#949,#950,#497,.T.);
#1158=EDGE_CURVE('',#950,#951,#149,.T.);
#1159=EDGE_CURVE('',#952,#951,#498,.T.);
#1160=EDGE_CURVE('',#952,#946,#150,.T.);
#1161=EDGE_CURVE('',#953,#954,#499,.T.);
#1162=EDGE_CURVE('',#953,#955,#151,.T.);
#1163=EDGE_CURVE('',#955,#956,#500,.T.);
#1164=EDGE_CURVE('',#956,#957,#152,.T.);
#1165=EDGE_CURVE('',#957,#958,#501,.T.);
#1166=EDGE_CURVE('',#958,#959,#153,.T.);
#1167=EDGE_CURVE('',#960,#959,#502,.T.);
#1168=EDGE_CURVE('',#960,#954,#154,.T.);
#1169=EDGE_CURVE('',#961,#962,#503,.T.);
#1170=EDGE_CURVE('',#961,#963,#155,.T.);
#1171=EDGE_CURVE('',#964,#963,#504,.T.);
#1172=EDGE_CURVE('',#964,#965,#156,.T.);
#1173=EDGE_CURVE('',#965,#966,#505,.T.);
#1174=EDGE_CURVE('',#966,#967,#157,.T.);
#1175=EDGE_CURVE('',#967,#968,#506,.T.);
#1176=EDGE_CURVE('',#968,#962,#158,.T.);
#1177=EDGE_CURVE('',#969,#970,#507,.T.);
#1178=EDGE_CURVE('',#969,#971,#159,.T.);
#1179=EDGE_CURVE('',#971,#972,#508,.T.);
#1180=EDGE_CURVE('',#972,#973,#160,.T.);
#1181=EDGE_CURVE('',#973,#974,#509,.T.);
#1182=EDGE_CURVE('',#974,#975,#161,.T.);
#1183=EDGE_CURVE('',#976,#975,#510,.T.);
#1184=EDGE_CURVE('',#976,#970,#162,.T.);
#1185=EDGE_CURVE('',#977,#978,#511,.T.);
#1186=EDGE_CURVE('',#977,#979,#163,.T.);
#1187=EDGE_CURVE('',#979,#980,#512,.T.);
#1188=EDGE_CURVE('',#980,#981,#164,.T.);
#1189=EDGE_CURVE('',#981,#982,#513,.T.);
#1190=EDGE_CURVE('',#982,#983,#165,.T.);
#1191=EDGE_CURVE('',#984,#983,#514,.T.);
#1192=EDGE_CURVE('',#984,#978,#166,.T.);
#1193=EDGE_CURVE('',#985,#986,#515,.T.);
#1194=EDGE_CURVE('',#985,#987,#167,.T.);
#1195=EDGE_CURVE('',#987,#988,#516,.T.);
#1196=EDGE_CURVE('',#988,#989,#168,.T.);
#1197=EDGE_CURVE('',#989,#990,#517,.T.);
#1198=EDGE_CURVE('',#990,#991,#169,.T.);
#1199=EDGE_CURVE('',#992,#991,#518,.T.);
#1200=EDGE_CURVE('',#992,#986,#170,.T.);
#1201=EDGE_CURVE('',#993,#994,#519,.T.);
#1202=EDGE_CURVE('',#993,#995,#171,.T.);
#1203=EDGE_CURVE('',#995,#996,#520,.T.);
#1204=EDGE_CURVE('',#996,#997,#172,.T.);
#1205=EDGE_CURVE('',#997,#998,#521,.T.);
#1206=EDGE_CURVE('',#998,#999,#173,.T.);
#1207=EDGE_CURVE('',#1000,#999,#522,.T.);
#1208=EDGE_CURVE('',#1000,#994,#174,.T.);
#1209=EDGE_CURVE('',#1001,#1002,#523,.T.);
#1210=EDGE_CURVE('',#1001,#1003,#175,.T.);
#1211=EDGE_CURVE('',#1003,#1004,#524,.T.);
#1212=EDGE_CURVE('',#1004,#1005,#176,.T.);
#1213=EDGE_CURVE('',#1005,#1006,#525,.T.);
#1214=EDGE_CURVE('',#1006,#1007,#177,.T.);
#1215=EDGE_CURVE('',#1008,#1007,#526,.T.);
#1216=EDGE_CURVE('',#1008,#1002,#178,.T.);
#1217=EDGE_CURVE('',#1009,#1010,#527,.T.);
#1218=EDGE_CURVE('',#1010,#1011,#528,.T.);
#1219=EDGE_CURVE('',#1011,#1012,#529,.T.);
#1220=EDGE_CURVE('',#1012,#1009,#530,.T.);
#1221=EDGE_CURVE('',#935,#1013,#531,.T.);
#1222=EDGE_CURVE('',#934,#913,#532,.T.);
#1223=EDGE_CURVE('',#911,#1013,#179,.T.);
#1224=EDGE_CURVE('',#1014,#932,#533,.T.);
#1225=EDGE_CURVE('',#1014,#909,#180,.T.);
#1226=EDGE_CURVE('',#914,#933,#534,.T.);
#1227=EDGE_CURVE('',#1015,#1013,#535,.T.);
#1228=EDGE_CURVE('',#936,#1015,#536,.T.);
#1229=EDGE_CURVE('',#1016,#931,#537,.T.);
#1230=EDGE_CURVE('',#1014,#1016,#538,.T.);
#1231=EDGE_CURVE('',#1016,#824,#15,.T.);
#1232=EDGE_CURVE('',#823,#1015,#16,.T.);
#1233=EDGE_CURVE('',#930,#821,#17,.T.);
#1234=EDGE_CURVE('',#822,#927,#18,.T.);
#1235=EDGE_CURVE('',#1016,#927,#539,.T.);
#1236=EDGE_CURVE('',#930,#1015,#540,.T.);
#1237=EDGE_CURVE('',#1002,#832,#541,.T.);
#1238=EDGE_CURVE('',#1001,#831,#542,.T.);
#1239=EDGE_CURVE('',#1008,#833,#543,.T.);
#1240=EDGE_CURVE('',#1007,#834,#544,.T.);
#1241=EDGE_CURVE('',#1006,#835,#545,.T.);
#1242=EDGE_CURVE('',#1005,#836,#546,.T.);
#1243=EDGE_CURVE('',#1004,#837,#547,.T.);
#1244=EDGE_CURVE('',#1003,#838,#548,.T.);
#1245=EDGE_CURVE('',#994,#840,#549,.T.);
#1246=EDGE_CURVE('',#993,#839,#550,.T.);
#1247=EDGE_CURVE('',#1000,#841,#551,.T.);
#1248=EDGE_CURVE('',#999,#842,#552,.T.);
#1249=EDGE_CURVE('',#998,#843,#553,.T.);
#1250=EDGE_CURVE('',#997,#844,#554,.T.);
#1251=EDGE_CURVE('',#996,#845,#555,.T.);
#1252=EDGE_CURVE('',#995,#846,#556,.T.);
#1253=EDGE_CURVE('',#986,#848,#557,.T.);
#1254=EDGE_CURVE('',#985,#847,#558,.T.);
#1255=EDGE_CURVE('',#992,#849,#559,.T.);
#1256=EDGE_CURVE('',#991,#850,#560,.T.);
#1257=EDGE_CURVE('',#990,#851,#561,.T.);
#1258=EDGE_CURVE('',#989,#852,#562,.T.);
#1259=EDGE_CURVE('',#988,#853,#563,.T.);
#1260=EDGE_CURVE('',#987,#854,#564,.T.);
#1261=EDGE_CURVE('',#978,#856,#565,.T.);
#1262=EDGE_CURVE('',#977,#855,#566,.T.);
#1263=EDGE_CURVE('',#984,#857,#567,.T.);
#1264=EDGE_CURVE('',#983,#858,#568,.T.);
#1265=EDGE_CURVE('',#982,#859,#569,.T.);
#1266=EDGE_CURVE('',#981,#860,#570,.T.);
#1267=EDGE_CURVE('',#980,#861,#571,.T.);
#1268=EDGE_CURVE('',#979,#862,#572,.T.);
#1269=EDGE_CURVE('',#970,#864,#573,.T.);
#1270=EDGE_CURVE('',#969,#863,#574,.T.);
#1271=EDGE_CURVE('',#976,#865,#575,.T.);
#1272=EDGE_CURVE('',#975,#866,#576,.T.);
#1273=EDGE_CURVE('',#974,#867,#577,.T.);
#1274=EDGE_CURVE('',#973,#868,#578,.T.);
#1275=EDGE_CURVE('',#972,#869,#579,.T.);
#1276=EDGE_CURVE('',#971,#870,#580,.T.);
#1277=EDGE_CURVE('',#962,#872,#581,.T.);
#1278=EDGE_CURVE('',#961,#871,#582,.T.);
#1279=EDGE_CURVE('',#968,#873,#583,.T.);
#1280=EDGE_CURVE('',#967,#874,#584,.T.);
#1281=EDGE_CURVE('',#966,#875,#585,.T.);
#1282=EDGE_CURVE('',#965,#876,#586,.T.);
#1283=EDGE_CURVE('',#964,#877,#587,.T.);
#1284=EDGE_CURVE('',#963,#878,#588,.T.);
#1285=EDGE_CURVE('',#954,#880,#589,.T.);
#1286=EDGE_CURVE('',#953,#879,#590,.T.);
#1287=EDGE_CURVE('',#960,#881,#591,.T.);
#1288=EDGE_CURVE('',#959,#882,#592,.T.);
#1289=EDGE_CURVE('',#958,#883,#593,.T.);
#1290=EDGE_CURVE('',#957,#884,#594,.T.);
#1291=EDGE_CURVE('',#956,#885,#595,.T.);
#1292=EDGE_CURVE('',#955,#886,#596,.T.);
#1293=EDGE_CURVE('',#946,#888,#597,.T.);
#1294=EDGE_CURVE('',#945,#887,#598,.T.);
#1295=EDGE_CURVE('',#952,#889,#599,.T.);
#1296=EDGE_CURVE('',#951,#890,#600,.T.);
#1297=EDGE_CURVE('',#950,#891,#601,.T.);
#1298=EDGE_CURVE('',#949,#892,#602,.T.);
#1299=EDGE_CURVE('',#948,#893,#603,.T.);
#1300=EDGE_CURVE('',#947,#894,#604,.T.);
#1301=EDGE_CURVE('',#938,#896,#605,.T.);
#1302=EDGE_CURVE('',#937,#895,#606,.T.);
#1303=EDGE_CURVE('',#944,#897,#607,.T.);
#1304=EDGE_CURVE('',#943,#898,#608,.T.);
#1305=EDGE_CURVE('',#942,#899,#609,.T.);
#1306=EDGE_CURVE('',#941,#900,#610,.T.);
#1307=EDGE_CURVE('',#940,#901,#611,.T.);
#1308=EDGE_CURVE('',#939,#902,#612,.T.);
#1309=EDGE_CURVE('',#828,#1009,#613,.T.);
#1310=EDGE_CURVE('',#829,#1012,#614,.T.);
#1311=EDGE_CURVE('',#827,#1010,#615,.T.);
#1312=EDGE_CURVE('',#830,#1011,#616,.T.);
#1313=ORIENTED_EDGE('',*,*,#1017,.F.);
#1314=ORIENTED_EDGE('',*,*,#1018,.F.);
#1315=ORIENTED_EDGE('',*,*,#1019,.F.);
#1316=ORIENTED_EDGE('',*,*,#1020,.F.);
#1317=ORIENTED_EDGE('',*,*,#1021,.T.);
#1318=ORIENTED_EDGE('',*,*,#1022,.F.);
#1319=ORIENTED_EDGE('',*,*,#1023,.T.);
#1320=ORIENTED_EDGE('',*,*,#1024,.T.);
#1321=ORIENTED_EDGE('',*,*,#1025,.T.);
#1322=ORIENTED_EDGE('',*,*,#1026,.T.);
#1323=ORIENTED_EDGE('',*,*,#1027,.T.);
#1324=ORIENTED_EDGE('',*,*,#1028,.T.);
#1325=ORIENTED_EDGE('',*,*,#1029,.T.);
#1326=ORIENTED_EDGE('',*,*,#1030,.T.);
#1327=ORIENTED_EDGE('',*,*,#1031,.T.);
#1328=ORIENTED_EDGE('',*,*,#1032,.T.);
#1329=ORIENTED_EDGE('',*,*,#1033,.T.);
#1330=ORIENTED_EDGE('',*,*,#1034,.T.);
#1331=ORIENTED_EDGE('',*,*,#1035,.T.);
#1332=ORIENTED_EDGE('',*,*,#1036,.T.);
#1333=ORIENTED_EDGE('',*,*,#1037,.T.);
#1334=ORIENTED_EDGE('',*,*,#1038,.T.);
#1335=ORIENTED_EDGE('',*,*,#1039,.T.);
#1336=ORIENTED_EDGE('',*,*,#1040,.T.);
#1337=ORIENTED_EDGE('',*,*,#1041,.T.);
#1338=ORIENTED_EDGE('',*,*,#1042,.T.);
#1339=ORIENTED_EDGE('',*,*,#1043,.T.);
#1340=ORIENTED_EDGE('',*,*,#1044,.T.);
#1341=ORIENTED_EDGE('',*,*,#1045,.T.);
#1342=ORIENTED_EDGE('',*,*,#1046,.T.);
#1343=ORIENTED_EDGE('',*,*,#1047,.T.);
#1344=ORIENTED_EDGE('',*,*,#1048,.T.);
#1345=ORIENTED_EDGE('',*,*,#1049,.T.);
#1346=ORIENTED_EDGE('',*,*,#1050,.T.);
#1347=ORIENTED_EDGE('',*,*,#1051,.T.);
#1348=ORIENTED_EDGE('',*,*,#1052,.T.);
#1349=ORIENTED_EDGE('',*,*,#1053,.T.);
#1350=ORIENTED_EDGE('',*,*,#1054,.T.);
#1351=ORIENTED_EDGE('',*,*,#1055,.T.);
#1352=ORIENTED_EDGE('',*,*,#1056,.T.);
#1353=ORIENTED_EDGE('',*,*,#1057,.T.);
#1354=ORIENTED_EDGE('',*,*,#1058,.T.);
#1355=ORIENTED_EDGE('',*,*,#1059,.T.);
#1356=ORIENTED_EDGE('',*,*,#1060,.T.);
#1357=ORIENTED_EDGE('',*,*,#1061,.T.);
#1358=ORIENTED_EDGE('',*,*,#1062,.T.);
#1359=ORIENTED_EDGE('',*,*,#1063,.T.);
#1360=ORIENTED_EDGE('',*,*,#1064,.T.);
#1361=ORIENTED_EDGE('',*,*,#1065,.T.);
#1362=ORIENTED_EDGE('',*,*,#1066,.T.);
#1363=ORIENTED_EDGE('',*,*,#1067,.T.);
#1364=ORIENTED_EDGE('',*,*,#1068,.T.);
#1365=ORIENTED_EDGE('',*,*,#1069,.T.);
#1366=ORIENTED_EDGE('',*,*,#1070,.T.);
#1367=ORIENTED_EDGE('',*,*,#1071,.T.);
#1368=ORIENTED_EDGE('',*,*,#1072,.T.);
#1369=ORIENTED_EDGE('',*,*,#1073,.T.);
#1370=ORIENTED_EDGE('',*,*,#1074,.T.);
#1371=ORIENTED_EDGE('',*,*,#1075,.T.);
#1372=ORIENTED_EDGE('',*,*,#1076,.T.);
#1373=ORIENTED_EDGE('',*,*,#1077,.T.);
#1374=ORIENTED_EDGE('',*,*,#1078,.T.);
#1375=ORIENTED_EDGE('',*,*,#1079,.T.);
#1376=ORIENTED_EDGE('',*,*,#1080,.T.);
#1377=ORIENTED_EDGE('',*,*,#1081,.T.);
#1378=ORIENTED_EDGE('',*,*,#1082,.T.);
#1379=ORIENTED_EDGE('',*,*,#1083,.T.);
#1380=ORIENTED_EDGE('',*,*,#1084,.T.);
#1381=ORIENTED_EDGE('',*,*,#1085,.T.);
#1382=ORIENTED_EDGE('',*,*,#1086,.T.);
#1383=ORIENTED_EDGE('',*,*,#1087,.T.);
#1384=ORIENTED_EDGE('',*,*,#1088,.T.);
#1385=ORIENTED_EDGE('',*,*,#1089,.T.);
#1386=ORIENTED_EDGE('',*,*,#1090,.T.);
#1387=ORIENTED_EDGE('',*,*,#1091,.T.);
#1388=ORIENTED_EDGE('',*,*,#1092,.T.);
#1389=ORIENTED_EDGE('',*,*,#1093,.T.);
#1390=ORIENTED_EDGE('',*,*,#1094,.T.);
#1391=ORIENTED_EDGE('',*,*,#1095,.T.);
#1392=ORIENTED_EDGE('',*,*,#1096,.T.);
#1393=ORIENTED_EDGE('',*,*,#1097,.T.);
#1394=ORIENTED_EDGE('',*,*,#1098,.T.);
#1395=ORIENTED_EDGE('',*,*,#1099,.F.);
#1396=ORIENTED_EDGE('',*,*,#1100,.F.);
#1397=ORIENTED_EDGE('',*,*,#1101,.F.);
#1398=ORIENTED_EDGE('',*,*,#1102,.T.);
#1399=ORIENTED_EDGE('',*,*,#1100,.T.);
#1400=ORIENTED_EDGE('',*,*,#1102,.F.);
#1401=ORIENTED_EDGE('',*,*,#1103,.F.);
#1402=ORIENTED_EDGE('',*,*,#1104,.T.);
#1403=ORIENTED_EDGE('',*,*,#1021,.F.);
#1404=ORIENTED_EDGE('',*,*,#1104,.F.);
#1405=ORIENTED_EDGE('',*,*,#1105,.F.);
#1406=ORIENTED_EDGE('',*,*,#1106,.T.);
#1407=ORIENTED_EDGE('',*,*,#1022,.T.);
#1408=ORIENTED_EDGE('',*,*,#1106,.F.);
#1409=ORIENTED_EDGE('',*,*,#1107,.F.);
#1410=ORIENTED_EDGE('',*,*,#1108,.T.);
#1411=ORIENTED_EDGE('',*,*,#1099,.T.);
#1412=ORIENTED_EDGE('',*,*,#1108,.F.);
#1413=ORIENTED_EDGE('',*,*,#1109,.F.);
#1414=ORIENTED_EDGE('',*,*,#1110,.T.);
#1415=ORIENTED_EDGE('',*,*,#1111,.T.);
#1416=ORIENTED_EDGE('',*,*,#1112,.T.);
#1417=ORIENTED_EDGE('',*,*,#1112,.F.);
#1418=ORIENTED_EDGE('',*,*,#1113,.T.);
#1419=ORIENTED_EDGE('',*,*,#1114,.T.);
#1420=ORIENTED_EDGE('',*,*,#1115,.F.);
#1421=ORIENTED_EDGE('',*,*,#1116,.F.);
#1422=ORIENTED_EDGE('',*,*,#1117,.T.);
#1423=ORIENTED_EDGE('',*,*,#1118,.T.);
#1424=ORIENTED_EDGE('',*,*,#1119,.T.);
#1425=ORIENTED_EDGE('',*,*,#1119,.F.);
#1426=ORIENTED_EDGE('',*,*,#1120,.T.);
#1427=ORIENTED_EDGE('',*,*,#1121,.T.);
#1428=ORIENTED_EDGE('',*,*,#1122,.F.);
#1429=ORIENTED_EDGE('',*,*,#1123,.F.);
#1430=ORIENTED_EDGE('',*,*,#1124,.F.);
#1431=ORIENTED_EDGE('',*,*,#1125,.T.);
#1432=ORIENTED_EDGE('',*,*,#1120,.F.);
#1433=ORIENTED_EDGE('',*,*,#1118,.F.);
#1434=ORIENTED_EDGE('',*,*,#1126,.T.);
#1435=ORIENTED_EDGE('',*,*,#1127,.F.);
#1436=ORIENTED_EDGE('',*,*,#1128,.T.);
#1437=ORIENTED_EDGE('',*,*,#1116,.T.);
#1438=ORIENTED_EDGE('',*,*,#1122,.T.);
#1439=ORIENTED_EDGE('',*,*,#1129,.T.);
#1440=ORIENTED_EDGE('',*,*,#1130,.F.);
#1441=ORIENTED_EDGE('',*,*,#1129,.F.);
#1442=ORIENTED_EDGE('',*,*,#1121,.F.);
#1443=ORIENTED_EDGE('',*,*,#1125,.F.);
#1444=ORIENTED_EDGE('',*,*,#1131,.F.);
#1445=ORIENTED_EDGE('',*,*,#1123,.T.);
#1446=ORIENTED_EDGE('',*,*,#1132,.F.);
#1447=ORIENTED_EDGE('',*,*,#1133,.F.);
#1448=ORIENTED_EDGE('',*,*,#1134,.F.);
#1449=ORIENTED_EDGE('',*,*,#1127,.T.);
#1450=ORIENTED_EDGE('',*,*,#1135,.F.);
#1451=ORIENTED_EDGE('',*,*,#1136,.F.);
#1452=ORIENTED_EDGE('',*,*,#1137,.F.);
#1453=ORIENTED_EDGE('',*,*,#1130,.T.);
#1454=ORIENTED_EDGE('',*,*,#1131,.T.);
#1455=ORIENTED_EDGE('',*,*,#1124,.T.);
#1456=ORIENTED_EDGE('',*,*,#1134,.T.);
#1457=ORIENTED_EDGE('',*,*,#1138,.F.);
#1458=ORIENTED_EDGE('',*,*,#1139,.T.);
#1459=ORIENTED_EDGE('',*,*,#1140,.T.);
#1460=ORIENTED_EDGE('',*,*,#1141,.T.);
#1461=ORIENTED_EDGE('',*,*,#1142,.T.);
#1462=ORIENTED_EDGE('',*,*,#1143,.T.);
#1463=ORIENTED_EDGE('',*,*,#1144,.F.);
#1464=ORIENTED_EDGE('',*,*,#1135,.T.);
#1465=ORIENTED_EDGE('',*,*,#1145,.F.);
#1466=ORIENTED_EDGE('',*,*,#1146,.T.);
#1467=ORIENTED_EDGE('',*,*,#1147,.T.);
#1468=ORIENTED_EDGE('',*,*,#1148,.T.);
#1469=ORIENTED_EDGE('',*,*,#1149,.T.);
#1470=ORIENTED_EDGE('',*,*,#1150,.T.);
#1471=ORIENTED_EDGE('',*,*,#1151,.F.);
#1472=ORIENTED_EDGE('',*,*,#1152,.T.);
#1473=ORIENTED_EDGE('',*,*,#1153,.F.);
#1474=ORIENTED_EDGE('',*,*,#1154,.T.);
#1475=ORIENTED_EDGE('',*,*,#1155,.T.);
#1476=ORIENTED_EDGE('',*,*,#1156,.T.);
#1477=ORIENTED_EDGE('',*,*,#1157,.T.);
#1478=ORIENTED_EDGE('',*,*,#1158,.T.);
#1479=ORIENTED_EDGE('',*,*,#1159,.F.);
#1480=ORIENTED_EDGE('',*,*,#1160,.T.);
#1481=ORIENTED_EDGE('',*,*,#1161,.F.);
#1482=ORIENTED_EDGE('',*,*,#1162,.T.);
#1483=ORIENTED_EDGE('',*,*,#1163,.T.);
#1484=ORIENTED_EDGE('',*,*,#1164,.T.);
#1485=ORIENTED_EDGE('',*,*,#1165,.T.);
#1486=ORIENTED_EDGE('',*,*,#1166,.T.);
#1487=ORIENTED_EDGE('',*,*,#1167,.F.);
#1488=ORIENTED_EDGE('',*,*,#1168,.T.);
#1489=ORIENTED_EDGE('',*,*,#1169,.F.);
#1490=ORIENTED_EDGE('',*,*,#1170,.T.);
#1491=ORIENTED_EDGE('',*,*,#1171,.F.);
#1492=ORIENTED_EDGE('',*,*,#1172,.T.);
#1493=ORIENTED_EDGE('',*,*,#1173,.T.);
#1494=ORIENTED_EDGE('',*,*,#1174,.T.);
#1495=ORIENTED_EDGE('',*,*,#1175,.T.);
#1496=ORIENTED_EDGE('',*,*,#1176,.T.);
#1497=ORIENTED_EDGE('',*,*,#1177,.F.);
#1498=ORIENTED_EDGE('',*,*,#1178,.T.);
#1499=ORIENTED_EDGE('',*,*,#1179,.T.);
#1500=ORIENTED_EDGE('',*,*,#1180,.T.);
#1501=ORIENTED_EDGE('',*,*,#1181,.T.);
#1502=ORIENTED_EDGE('',*,*,#1182,.T.);
#1503=ORIENTED_EDGE('',*,*,#1183,.F.);
#1504=ORIENTED_EDGE('',*,*,#1184,.T.);
#1505=ORIENTED_EDGE('',*,*,#1185,.F.);
#1506=ORIENTED_EDGE('',*,*,#1186,.T.);
#1507=ORIENTED_EDGE('',*,*,#1187,.T.);
#1508=ORIENTED_EDGE('',*,*,#1188,.T.);
#1509=ORIENTED_EDGE('',*,*,#1189,.T.);
#1510=ORIENTED_EDGE('',*,*,#1190,.T.);
#1511=ORIENTED_EDGE('',*,*,#1191,.F.);
#1512=ORIENTED_EDGE('',*,*,#1192,.T.);
#1513=ORIENTED_EDGE('',*,*,#1193,.F.);
#1514=ORIENTED_EDGE('',*,*,#1194,.T.);
#1515=ORIENTED_EDGE('',*,*,#1195,.T.);
#1516=ORIENTED_EDGE('',*,*,#1196,.T.);
#1517=ORIENTED_EDGE('',*,*,#1197,.T.);
#1518=ORIENTED_EDGE('',*,*,#1198,.T.);
#1519=ORIENTED_EDGE('',*,*,#1199,.F.);
#1520=ORIENTED_EDGE('',*,*,#1200,.T.);
#1521=ORIENTED_EDGE('',*,*,#1201,.F.);
#1522=ORIENTED_EDGE('',*,*,#1202,.T.);
#1523=ORIENTED_EDGE('',*,*,#1203,.T.);
#1524=ORIENTED_EDGE('',*,*,#1204,.T.);
#1525=ORIENTED_EDGE('',*,*,#1205,.T.);
#1526=ORIENTED_EDGE('',*,*,#1206,.T.);
#1527=ORIENTED_EDGE('',*,*,#1207,.F.);
#1528=ORIENTED_EDGE('',*,*,#1208,.T.);
#1529=ORIENTED_EDGE('',*,*,#1209,.F.);
#1530=ORIENTED_EDGE('',*,*,#1210,.T.);
#1531=ORIENTED_EDGE('',*,*,#1211,.T.);
#1532=ORIENTED_EDGE('',*,*,#1212,.T.);
#1533=ORIENTED_EDGE('',*,*,#1213,.T.);
#1534=ORIENTED_EDGE('',*,*,#1214,.T.);
#1535=ORIENTED_EDGE('',*,*,#1215,.F.);
#1536=ORIENTED_EDGE('',*,*,#1216,.T.);
#1537=ORIENTED_EDGE('',*,*,#1217,.T.);
#1538=ORIENTED_EDGE('',*,*,#1218,.T.);
#1539=ORIENTED_EDGE('',*,*,#1219,.T.);
#1540=ORIENTED_EDGE('',*,*,#1220,.T.);
#1541=ORIENTED_EDGE('',*,*,#1101,.T.);
#1542=ORIENTED_EDGE('',*,*,#1103,.T.);
#1543=ORIENTED_EDGE('',*,*,#1107,.T.);
#1544=ORIENTED_EDGE('',*,*,#1105,.T.);
#1545=ORIENTED_EDGE('',*,*,#1221,.F.);
#1546=ORIENTED_EDGE('',*,*,#1142,.F.);
#1547=ORIENTED_EDGE('',*,*,#1222,.T.);
#1548=ORIENTED_EDGE('',*,*,#1113,.F.);
#1549=ORIENTED_EDGE('',*,*,#1111,.F.);
#1550=ORIENTED_EDGE('',*,*,#1223,.T.);
#1551=ORIENTED_EDGE('',*,*,#1224,.F.);
#1552=ORIENTED_EDGE('',*,*,#1225,.T.);
#1553=ORIENTED_EDGE('',*,*,#1109,.T.);
#1554=ORIENTED_EDGE('',*,*,#1115,.T.);
#1555=ORIENTED_EDGE('',*,*,#1226,.T.);
#1556=ORIENTED_EDGE('',*,*,#1140,.F.);
#1557=ORIENTED_EDGE('',*,*,#1114,.F.);
#1558=ORIENTED_EDGE('',*,*,#1222,.F.);
#1559=ORIENTED_EDGE('',*,*,#1141,.F.);
#1560=ORIENTED_EDGE('',*,*,#1226,.F.);
#1561=ORIENTED_EDGE('',*,*,#1221,.T.);
#1562=ORIENTED_EDGE('',*,*,#1227,.F.);
#1563=ORIENTED_EDGE('',*,*,#1228,.F.);
#1564=ORIENTED_EDGE('',*,*,#1143,.F.);
#1565=ORIENTED_EDGE('',*,*,#1224,.T.);
#1566=ORIENTED_EDGE('',*,*,#1139,.F.);
#1567=ORIENTED_EDGE('',*,*,#1229,.F.);
#1568=ORIENTED_EDGE('',*,*,#1230,.F.);
#1569=ORIENTED_EDGE('',*,*,#1225,.F.);
#1570=ORIENTED_EDGE('',*,*,#1230,.T.);
#1571=ORIENTED_EDGE('',*,*,#1231,.T.);
#1572=ORIENTED_EDGE('',*,*,#1019,.T.);
#1573=ORIENTED_EDGE('',*,*,#1232,.T.);
#1574=ORIENTED_EDGE('',*,*,#1227,.T.);
#1575=ORIENTED_EDGE('',*,*,#1223,.F.);
#1576=ORIENTED_EDGE('',*,*,#1110,.F.);
#1577=ORIENTED_EDGE('',*,*,#1128,.F.);
#1578=ORIENTED_EDGE('',*,*,#1137,.T.);
#1579=ORIENTED_EDGE('',*,*,#1233,.T.);
#1580=ORIENTED_EDGE('',*,*,#1017,.T.);
#1581=ORIENTED_EDGE('',*,*,#1234,.T.);
#1582=ORIENTED_EDGE('',*,*,#1132,.T.);
#1583=ORIENTED_EDGE('',*,*,#1126,.F.);
#1584=ORIENTED_EDGE('',*,*,#1117,.F.);
#1585=ORIENTED_EDGE('',*,*,#1235,.T.);
#1586=ORIENTED_EDGE('',*,*,#1234,.F.);
#1587=ORIENTED_EDGE('',*,*,#1020,.T.);
#1588=ORIENTED_EDGE('',*,*,#1231,.F.);
#1589=ORIENTED_EDGE('',*,*,#1018,.T.);
#1590=ORIENTED_EDGE('',*,*,#1233,.F.);
#1591=ORIENTED_EDGE('',*,*,#1236,.T.);
#1592=ORIENTED_EDGE('',*,*,#1232,.F.);
#1593=ORIENTED_EDGE('',*,*,#1236,.F.);
#1594=ORIENTED_EDGE('',*,*,#1136,.T.);
#1595=ORIENTED_EDGE('',*,*,#1144,.T.);
#1596=ORIENTED_EDGE('',*,*,#1228,.T.);
#1597=ORIENTED_EDGE('',*,*,#1209,.T.);
#1598=ORIENTED_EDGE('',*,*,#1237,.T.);
#1599=ORIENTED_EDGE('',*,*,#1027,.F.);
#1600=ORIENTED_EDGE('',*,*,#1238,.F.);
#1601=ORIENTED_EDGE('',*,*,#1216,.F.);
#1602=ORIENTED_EDGE('',*,*,#1239,.T.);
#1603=ORIENTED_EDGE('',*,*,#1028,.F.);
#1604=ORIENTED_EDGE('',*,*,#1237,.F.);
#1605=ORIENTED_EDGE('',*,*,#1215,.T.);
#1606=ORIENTED_EDGE('',*,*,#1240,.T.);
#1607=ORIENTED_EDGE('',*,*,#1029,.F.);
#1608=ORIENTED_EDGE('',*,*,#1239,.F.);
#1609=ORIENTED_EDGE('',*,*,#1214,.F.);
#1610=ORIENTED_EDGE('',*,*,#1241,.T.);
#1611=ORIENTED_EDGE('',*,*,#1030,.F.);
#1612=ORIENTED_EDGE('',*,*,#1240,.F.);
#1613=ORIENTED_EDGE('',*,*,#1213,.F.);
#1614=ORIENTED_EDGE('',*,*,#1242,.T.);
#1615=ORIENTED_EDGE('',*,*,#1031,.F.);
#1616=ORIENTED_EDGE('',*,*,#1241,.F.);
#1617=ORIENTED_EDGE('',*,*,#1212,.F.);
#1618=ORIENTED_EDGE('',*,*,#1243,.T.);
#1619=ORIENTED_EDGE('',*,*,#1032,.F.);
#1620=ORIENTED_EDGE('',*,*,#1242,.F.);
#1621=ORIENTED_EDGE('',*,*,#1211,.F.);
#1622=ORIENTED_EDGE('',*,*,#1244,.T.);
#1623=ORIENTED_EDGE('',*,*,#1033,.F.);
#1624=ORIENTED_EDGE('',*,*,#1243,.F.);
#1625=ORIENTED_EDGE('',*,*,#1210,.F.);
#1626=ORIENTED_EDGE('',*,*,#1238,.T.);
#1627=ORIENTED_EDGE('',*,*,#1034,.F.);
#1628=ORIENTED_EDGE('',*,*,#1244,.F.);
#1629=ORIENTED_EDGE('',*,*,#1201,.T.);
#1630=ORIENTED_EDGE('',*,*,#1245,.T.);
#1631=ORIENTED_EDGE('',*,*,#1035,.F.);
#1632=ORIENTED_EDGE('',*,*,#1246,.F.);
#1633=ORIENTED_EDGE('',*,*,#1208,.F.);
#1634=ORIENTED_EDGE('',*,*,#1247,.T.);
#1635=ORIENTED_EDGE('',*,*,#1036,.F.);
#1636=ORIENTED_EDGE('',*,*,#1245,.F.);
#1637=ORIENTED_EDGE('',*,*,#1207,.T.);
#1638=ORIENTED_EDGE('',*,*,#1248,.T.);
#1639=ORIENTED_EDGE('',*,*,#1037,.F.);
#1640=ORIENTED_EDGE('',*,*,#1247,.F.);
#1641=ORIENTED_EDGE('',*,*,#1206,.F.);
#1642=ORIENTED_EDGE('',*,*,#1249,.T.);
#1643=ORIENTED_EDGE('',*,*,#1038,.F.);
#1644=ORIENTED_EDGE('',*,*,#1248,.F.);
#1645=ORIENTED_EDGE('',*,*,#1205,.F.);
#1646=ORIENTED_EDGE('',*,*,#1250,.T.);
#1647=ORIENTED_EDGE('',*,*,#1039,.F.);
#1648=ORIENTED_EDGE('',*,*,#1249,.F.);
#1649=ORIENTED_EDGE('',*,*,#1204,.F.);
#1650=ORIENTED_EDGE('',*,*,#1251,.T.);
#1651=ORIENTED_EDGE('',*,*,#1040,.F.);
#1652=ORIENTED_EDGE('',*,*,#1250,.F.);
#1653=ORIENTED_EDGE('',*,*,#1203,.F.);
#1654=ORIENTED_EDGE('',*,*,#1252,.T.);
#1655=ORIENTED_EDGE('',*,*,#1041,.F.);
#1656=ORIENTED_EDGE('',*,*,#1251,.F.);
#1657=ORIENTED_EDGE('',*,*,#1202,.F.);
#1658=ORIENTED_EDGE('',*,*,#1246,.T.);
#1659=ORIENTED_EDGE('',*,*,#1042,.F.);
#1660=ORIENTED_EDGE('',*,*,#1252,.F.);
#1661=ORIENTED_EDGE('',*,*,#1193,.T.);
#1662=ORIENTED_EDGE('',*,*,#1253,.T.);
#1663=ORIENTED_EDGE('',*,*,#1043,.F.);
#1664=ORIENTED_EDGE('',*,*,#1254,.F.);
#1665=ORIENTED_EDGE('',*,*,#1200,.F.);
#1666=ORIENTED_EDGE('',*,*,#1255,.T.);
#1667=ORIENTED_EDGE('',*,*,#1044,.F.);
#1668=ORIENTED_EDGE('',*,*,#1253,.F.);
#1669=ORIENTED_EDGE('',*,*,#1199,.T.);
#1670=ORIENTED_EDGE('',*,*,#1256,.T.);
#1671=ORIENTED_EDGE('',*,*,#1045,.F.);
#1672=ORIENTED_EDGE('',*,*,#1255,.F.);
#1673=ORIENTED_EDGE('',*,*,#1198,.F.);
#1674=ORIENTED_EDGE('',*,*,#1257,.T.);
#1675=ORIENTED_EDGE('',*,*,#1046,.F.);
#1676=ORIENTED_EDGE('',*,*,#1256,.F.);
#1677=ORIENTED_EDGE('',*,*,#1197,.F.);
#1678=ORIENTED_EDGE('',*,*,#1258,.T.);
#1679=ORIENTED_EDGE('',*,*,#1047,.F.);
#1680=ORIENTED_EDGE('',*,*,#1257,.F.);
#1681=ORIENTED_EDGE('',*,*,#1196,.F.);
#1682=ORIENTED_EDGE('',*,*,#1259,.T.);
#1683=ORIENTED_EDGE('',*,*,#1048,.F.);
#1684=ORIENTED_EDGE('',*,*,#1258,.F.);
#1685=ORIENTED_EDGE('',*,*,#1195,.F.);
#1686=ORIENTED_EDGE('',*,*,#1260,.T.);
#1687=ORIENTED_EDGE('',*,*,#1049,.F.);
#1688=ORIENTED_EDGE('',*,*,#1259,.F.);
#1689=ORIENTED_EDGE('',*,*,#1194,.F.);
#1690=ORIENTED_EDGE('',*,*,#1254,.T.);
#1691=ORIENTED_EDGE('',*,*,#1050,.F.);
#1692=ORIENTED_EDGE('',*,*,#1260,.F.);
#1693=ORIENTED_EDGE('',*,*,#1185,.T.);
#1694=ORIENTED_EDGE('',*,*,#1261,.T.);
#1695=ORIENTED_EDGE('',*,*,#1051,.F.);
#1696=ORIENTED_EDGE('',*,*,#1262,.F.);
#1697=ORIENTED_EDGE('',*,*,#1192,.F.);
#1698=ORIENTED_EDGE('',*,*,#1263,.T.);
#1699=ORIENTED_EDGE('',*,*,#1052,.F.);
#1700=ORIENTED_EDGE('',*,*,#1261,.F.);
#1701=ORIENTED_EDGE('',*,*,#1191,.T.);
#1702=ORIENTED_EDGE('',*,*,#1264,.T.);
#1703=ORIENTED_EDGE('',*,*,#1053,.F.);
#1704=ORIENTED_EDGE('',*,*,#1263,.F.);
#1705=ORIENTED_EDGE('',*,*,#1190,.F.);
#1706=ORIENTED_EDGE('',*,*,#1265,.T.);
#1707=ORIENTED_EDGE('',*,*,#1054,.F.);
#1708=ORIENTED_EDGE('',*,*,#1264,.F.);
#1709=ORIENTED_EDGE('',*,*,#1189,.F.);
#1710=ORIENTED_EDGE('',*,*,#1266,.T.);
#1711=ORIENTED_EDGE('',*,*,#1055,.F.);
#1712=ORIENTED_EDGE('',*,*,#1265,.F.);
#1713=ORIENTED_EDGE('',*,*,#1188,.F.);
#1714=ORIENTED_EDGE('',*,*,#1267,.T.);
#1715=ORIENTED_EDGE('',*,*,#1056,.F.);
#1716=ORIENTED_EDGE('',*,*,#1266,.F.);
#1717=ORIENTED_EDGE('',*,*,#1187,.F.);
#1718=ORIENTED_EDGE('',*,*,#1268,.T.);
#1719=ORIENTED_EDGE('',*,*,#1057,.F.);
#1720=ORIENTED_EDGE('',*,*,#1267,.F.);
#1721=ORIENTED_EDGE('',*,*,#1186,.F.);
#1722=ORIENTED_EDGE('',*,*,#1262,.T.);
#1723=ORIENTED_EDGE('',*,*,#1058,.F.);
#1724=ORIENTED_EDGE('',*,*,#1268,.F.);
#1725=ORIENTED_EDGE('',*,*,#1177,.T.);
#1726=ORIENTED_EDGE('',*,*,#1269,.T.);
#1727=ORIENTED_EDGE('',*,*,#1059,.F.);
#1728=ORIENTED_EDGE('',*,*,#1270,.F.);
#1729=ORIENTED_EDGE('',*,*,#1184,.F.);
#1730=ORIENTED_EDGE('',*,*,#1271,.T.);
#1731=ORIENTED_EDGE('',*,*,#1060,.F.);
#1732=ORIENTED_EDGE('',*,*,#1269,.F.);
#1733=ORIENTED_EDGE('',*,*,#1183,.T.);
#1734=ORIENTED_EDGE('',*,*,#1272,.T.);
#1735=ORIENTED_EDGE('',*,*,#1061,.F.);
#1736=ORIENTED_EDGE('',*,*,#1271,.F.);
#1737=ORIENTED_EDGE('',*,*,#1182,.F.);
#1738=ORIENTED_EDGE('',*,*,#1273,.T.);
#1739=ORIENTED_EDGE('',*,*,#1062,.F.);
#1740=ORIENTED_EDGE('',*,*,#1272,.F.);
#1741=ORIENTED_EDGE('',*,*,#1181,.F.);
#1742=ORIENTED_EDGE('',*,*,#1274,.T.);
#1743=ORIENTED_EDGE('',*,*,#1063,.F.);
#1744=ORIENTED_EDGE('',*,*,#1273,.F.);
#1745=ORIENTED_EDGE('',*,*,#1180,.F.);
#1746=ORIENTED_EDGE('',*,*,#1275,.T.);
#1747=ORIENTED_EDGE('',*,*,#1064,.F.);
#1748=ORIENTED_EDGE('',*,*,#1274,.F.);
#1749=ORIENTED_EDGE('',*,*,#1179,.F.);
#1750=ORIENTED_EDGE('',*,*,#1276,.T.);
#1751=ORIENTED_EDGE('',*,*,#1065,.F.);
#1752=ORIENTED_EDGE('',*,*,#1275,.F.);
#1753=ORIENTED_EDGE('',*,*,#1178,.F.);
#1754=ORIENTED_EDGE('',*,*,#1270,.T.);
#1755=ORIENTED_EDGE('',*,*,#1066,.F.);
#1756=ORIENTED_EDGE('',*,*,#1276,.F.);
#1757=ORIENTED_EDGE('',*,*,#1169,.T.);
#1758=ORIENTED_EDGE('',*,*,#1277,.T.);
#1759=ORIENTED_EDGE('',*,*,#1067,.F.);
#1760=ORIENTED_EDGE('',*,*,#1278,.F.);
#1761=ORIENTED_EDGE('',*,*,#1176,.F.);
#1762=ORIENTED_EDGE('',*,*,#1279,.T.);
#1763=ORIENTED_EDGE('',*,*,#1068,.F.);
#1764=ORIENTED_EDGE('',*,*,#1277,.F.);
#1765=ORIENTED_EDGE('',*,*,#1175,.F.);
#1766=ORIENTED_EDGE('',*,*,#1280,.T.);
#1767=ORIENTED_EDGE('',*,*,#1069,.F.);
#1768=ORIENTED_EDGE('',*,*,#1279,.F.);
#1769=ORIENTED_EDGE('',*,*,#1174,.F.);
#1770=ORIENTED_EDGE('',*,*,#1281,.T.);
#1771=ORIENTED_EDGE('',*,*,#1070,.F.);
#1772=ORIENTED_EDGE('',*,*,#1280,.F.);
#1773=ORIENTED_EDGE('',*,*,#1173,.F.);
#1774=ORIENTED_EDGE('',*,*,#1282,.T.);
#1775=ORIENTED_EDGE('',*,*,#1071,.F.);
#1776=ORIENTED_EDGE('',*,*,#1281,.F.);
#1777=ORIENTED_EDGE('',*,*,#1172,.F.);
#1778=ORIENTED_EDGE('',*,*,#1283,.T.);
#1779=ORIENTED_EDGE('',*,*,#1072,.F.);
#1780=ORIENTED_EDGE('',*,*,#1282,.F.);
#1781=ORIENTED_EDGE('',*,*,#1171,.T.);
#1782=ORIENTED_EDGE('',*,*,#1284,.T.);
#1783=ORIENTED_EDGE('',*,*,#1073,.F.);
#1784=ORIENTED_EDGE('',*,*,#1283,.F.);
#1785=ORIENTED_EDGE('',*,*,#1170,.F.);
#1786=ORIENTED_EDGE('',*,*,#1278,.T.);
#1787=ORIENTED_EDGE('',*,*,#1074,.F.);
#1788=ORIENTED_EDGE('',*,*,#1284,.F.);
#1789=ORIENTED_EDGE('',*,*,#1161,.T.);
#1790=ORIENTED_EDGE('',*,*,#1285,.T.);
#1791=ORIENTED_EDGE('',*,*,#1075,.F.);
#1792=ORIENTED_EDGE('',*,*,#1286,.F.);
#1793=ORIENTED_EDGE('',*,*,#1168,.F.);
#1794=ORIENTED_EDGE('',*,*,#1287,.T.);
#1795=ORIENTED_EDGE('',*,*,#1076,.F.);
#1796=ORIENTED_EDGE('',*,*,#1285,.F.);
#1797=ORIENTED_EDGE('',*,*,#1167,.T.);
#1798=ORIENTED_EDGE('',*,*,#1288,.T.);
#1799=ORIENTED_EDGE('',*,*,#1077,.F.);
#1800=ORIENTED_EDGE('',*,*,#1287,.F.);
#1801=ORIENTED_EDGE('',*,*,#1166,.F.);
#1802=ORIENTED_EDGE('',*,*,#1289,.T.);
#1803=ORIENTED_EDGE('',*,*,#1078,.F.);
#1804=ORIENTED_EDGE('',*,*,#1288,.F.);
#1805=ORIENTED_EDGE('',*,*,#1165,.F.);
#1806=ORIENTED_EDGE('',*,*,#1290,.T.);
#1807=ORIENTED_EDGE('',*,*,#1079,.F.);
#1808=ORIENTED_EDGE('',*,*,#1289,.F.);
#1809=ORIENTED_EDGE('',*,*,#1164,.F.);
#1810=ORIENTED_EDGE('',*,*,#1291,.T.);
#1811=ORIENTED_EDGE('',*,*,#1080,.F.);
#1812=ORIENTED_EDGE('',*,*,#1290,.F.);
#1813=ORIENTED_EDGE('',*,*,#1163,.F.);
#1814=ORIENTED_EDGE('',*,*,#1292,.T.);
#1815=ORIENTED_EDGE('',*,*,#1081,.F.);
#1816=ORIENTED_EDGE('',*,*,#1291,.F.);
#1817=ORIENTED_EDGE('',*,*,#1162,.F.);
#1818=ORIENTED_EDGE('',*,*,#1286,.T.);
#1819=ORIENTED_EDGE('',*,*,#1082,.F.);
#1820=ORIENTED_EDGE('',*,*,#1292,.F.);
#1821=ORIENTED_EDGE('',*,*,#1153,.T.);
#1822=ORIENTED_EDGE('',*,*,#1293,.T.);
#1823=ORIENTED_EDGE('',*,*,#1083,.F.);
#1824=ORIENTED_EDGE('',*,*,#1294,.F.);
#1825=ORIENTED_EDGE('',*,*,#1160,.F.);
#1826=ORIENTED_EDGE('',*,*,#1295,.T.);
#1827=ORIENTED_EDGE('',*,*,#1084,.F.);
#1828=ORIENTED_EDGE('',*,*,#1293,.F.);
#1829=ORIENTED_EDGE('',*,*,#1159,.T.);
#1830=ORIENTED_EDGE('',*,*,#1296,.T.);
#1831=ORIENTED_EDGE('',*,*,#1085,.F.);
#1832=ORIENTED_EDGE('',*,*,#1295,.F.);
#1833=ORIENTED_EDGE('',*,*,#1158,.F.);
#1834=ORIENTED_EDGE('',*,*,#1297,.T.);
#1835=ORIENTED_EDGE('',*,*,#1086,.F.);
#1836=ORIENTED_EDGE('',*,*,#1296,.F.);
#1837=ORIENTED_EDGE('',*,*,#1157,.F.);
#1838=ORIENTED_EDGE('',*,*,#1298,.T.);
#1839=ORIENTED_EDGE('',*,*,#1087,.F.);
#1840=ORIENTED_EDGE('',*,*,#1297,.F.);
#1841=ORIENTED_EDGE('',*,*,#1156,.F.);
#1842=ORIENTED_EDGE('',*,*,#1299,.T.);
#1843=ORIENTED_EDGE('',*,*,#1088,.F.);
#1844=ORIENTED_EDGE('',*,*,#1298,.F.);
#1845=ORIENTED_EDGE('',*,*,#1155,.F.);
#1846=ORIENTED_EDGE('',*,*,#1300,.T.);
#1847=ORIENTED_EDGE('',*,*,#1089,.F.);
#1848=ORIENTED_EDGE('',*,*,#1299,.F.);
#1849=ORIENTED_EDGE('',*,*,#1154,.F.);
#1850=ORIENTED_EDGE('',*,*,#1294,.T.);
#1851=ORIENTED_EDGE('',*,*,#1090,.F.);
#1852=ORIENTED_EDGE('',*,*,#1300,.F.);
#1853=ORIENTED_EDGE('',*,*,#1145,.T.);
#1854=ORIENTED_EDGE('',*,*,#1301,.T.);
#1855=ORIENTED_EDGE('',*,*,#1091,.F.);
#1856=ORIENTED_EDGE('',*,*,#1302,.F.);
#1857=ORIENTED_EDGE('',*,*,#1152,.F.);
#1858=ORIENTED_EDGE('',*,*,#1303,.T.);
#1859=ORIENTED_EDGE('',*,*,#1092,.F.);
#1860=ORIENTED_EDGE('',*,*,#1301,.F.);
#1861=ORIENTED_EDGE('',*,*,#1151,.T.);
#1862=ORIENTED_EDGE('',*,*,#1304,.T.);
#1863=ORIENTED_EDGE('',*,*,#1093,.F.);
#1864=ORIENTED_EDGE('',*,*,#1303,.F.);
#1865=ORIENTED_EDGE('',*,*,#1150,.F.);
#1866=ORIENTED_EDGE('',*,*,#1305,.T.);
#1867=ORIENTED_EDGE('',*,*,#1094,.F.);
#1868=ORIENTED_EDGE('',*,*,#1304,.F.);
#1869=ORIENTED_EDGE('',*,*,#1149,.F.);
#1870=ORIENTED_EDGE('',*,*,#1306,.T.);
#1871=ORIENTED_EDGE('',*,*,#1095,.F.);
#1872=ORIENTED_EDGE('',*,*,#1305,.F.);
#1873=ORIENTED_EDGE('',*,*,#1148,.F.);
#1874=ORIENTED_EDGE('',*,*,#1307,.T.);
#1875=ORIENTED_EDGE('',*,*,#1096,.F.);
#1876=ORIENTED_EDGE('',*,*,#1306,.F.);
#1877=ORIENTED_EDGE('',*,*,#1147,.F.);
#1878=ORIENTED_EDGE('',*,*,#1308,.T.);
#1879=ORIENTED_EDGE('',*,*,#1097,.F.);
#1880=ORIENTED_EDGE('',*,*,#1307,.F.);
#1881=ORIENTED_EDGE('',*,*,#1146,.F.);
#1882=ORIENTED_EDGE('',*,*,#1302,.T.);
#1883=ORIENTED_EDGE('',*,*,#1098,.F.);
#1884=ORIENTED_EDGE('',*,*,#1308,.F.);
#1885=ORIENTED_EDGE('',*,*,#1235,.F.);
#1886=ORIENTED_EDGE('',*,*,#1229,.T.);
#1887=ORIENTED_EDGE('',*,*,#1138,.T.);
#1888=ORIENTED_EDGE('',*,*,#1133,.T.);
#1889=ORIENTED_EDGE('',*,*,#1024,.F.);
#1890=ORIENTED_EDGE('',*,*,#1309,.T.);
#1891=ORIENTED_EDGE('',*,*,#1220,.F.);
#1892=ORIENTED_EDGE('',*,*,#1310,.F.);
#1893=ORIENTED_EDGE('',*,*,#1023,.F.);
#1894=ORIENTED_EDGE('',*,*,#1311,.T.);
#1895=ORIENTED_EDGE('',*,*,#1217,.F.);
#1896=ORIENTED_EDGE('',*,*,#1309,.F.);
#1897=ORIENTED_EDGE('',*,*,#1026,.F.);
#1898=ORIENTED_EDGE('',*,*,#1312,.T.);
#1899=ORIENTED_EDGE('',*,*,#1218,.F.);
#1900=ORIENTED_EDGE('',*,*,#1311,.F.);
#1901=ORIENTED_EDGE('',*,*,#1025,.F.);
#1902=ORIENTED_EDGE('',*,*,#1310,.T.);
#1903=ORIENTED_EDGE('',*,*,#1219,.F.);
#1904=ORIENTED_EDGE('',*,*,#1312,.F.);
#1905=PLANE('',#2077);
#1906=PLANE('',#2129);
#1907=PLANE('',#2133);
#1908=PLANE('',#2134);
#1909=PLANE('',#2136);
#1910=PLANE('',#2138);
#1911=PLANE('',#2139);
#1912=PLANE('',#2140);
#1913=PLANE('',#2141);
#1914=PLANE('',#2178);
#1915=PLANE('',#2180);
#1916=PLANE('',#2182);
#1917=PLANE('',#2183);
#1918=PLANE('',#2184);
#1919=PLANE('',#2193);
#1920=PLANE('',#2194);
#1921=PLANE('',#2196);
#1922=PLANE('',#2198);
#1923=PLANE('',#2200);
#1924=PLANE('',#2202);
#1925=PLANE('',#2204);
#1926=PLANE('',#2206);
#1927=PLANE('',#2208);
#1928=PLANE('',#2210);
#1929=PLANE('',#2212);
#1930=PLANE('',#2214);
#1931=PLANE('',#2216);
#1932=PLANE('',#2218);
#1933=PLANE('',#2220);
#1934=PLANE('',#2222);
#1935=PLANE('',#2224);
#1936=PLANE('',#2226);
#1937=PLANE('',#2228);
#1938=PLANE('',#2230);
#1939=PLANE('',#2232);
#1940=PLANE('',#2234);
#1941=PLANE('',#2236);
#1942=PLANE('',#2238);
#1943=PLANE('',#2240);
#1944=PLANE('',#2242);
#1945=PLANE('',#2244);
#1946=PLANE('',#2246);
#1947=PLANE('',#2248);
#1948=PLANE('',#2250);
#1949=PLANE('',#2252);
#1950=PLANE('',#2254);
#1951=PLANE('',#2256);
#1952=PLANE('',#2258);
#1953=PLANE('',#2260);
#1954=PLANE('',#2262);
#1955=PLANE('',#2264);
#1956=PLANE('',#2266);
#1957=PLANE('',#2267);
#1958=PLANE('',#2268);
#1959=PLANE('',#2269);
#1960=PLANE('',#2270);
#1961=ADVANCED_FACE('',(#181,#65,#66,#67,#68,#69,#70,#71,#72,#73,#74,#75,
#76,#77,#78),#1905,.T.);
#1962=ADVANCED_FACE('',(#182),#19,.F.);
#1963=ADVANCED_FACE('',(#183),#20,.F.);
#1964=ADVANCED_FACE('',(#184),#21,.F.);
#1965=ADVANCED_FACE('',(#185),#22,.F.);
#1966=ADVANCED_FACE('',(#186),#23,.T.);
#1967=ADVANCED_FACE('',(#187),#1906,.F.);
#1968=ADVANCED_FACE('',(#188),#24,.T.);
#1969=ADVANCED_FACE('',(#189),#1907,.F.);
#1970=ADVANCED_FACE('',(#190),#1908,.F.);
#1971=ADVANCED_FACE('',(#191),#1909,.F.);
#1972=ADVANCED_FACE('',(#192),#1910,.F.);
#1973=ADVANCED_FACE('',(#193),#1911,.T.);
#1974=ADVANCED_FACE('',(#194),#1912,.T.);
#1975=ADVANCED_FACE('',(#195,#79,#80,#81,#82,#83,#84,#85,#86,#87,#88,#89,
#90,#91,#92),#1913,.F.);
#1976=ADVANCED_FACE('',(#196),#1914,.F.);
#1977=ADVANCED_FACE('',(#197),#1915,.F.);
#1978=ADVANCED_FACE('',(#198),#1916,.F.);
#1979=ADVANCED_FACE('',(#199),#1917,.T.);
#1980=ADVANCED_FACE('',(#200),#1918,.T.);
#1981=ADVANCED_FACE('',(#201),#25,.T.);
#1982=ADVANCED_FACE('',(#202),#26,.T.);
#1983=ADVANCED_FACE('',(#203),#27,.T.);
#1984=ADVANCED_FACE('',(#204),#28,.T.);
#1985=ADVANCED_FACE('',(#205),#1919,.T.);
#1986=ADVANCED_FACE('',(#206),#1920,.T.);
#1987=ADVANCED_FACE('',(#207),#29,.F.);
#1988=ADVANCED_FACE('',(#208),#1921,.T.);
#1989=ADVANCED_FACE('',(#209),#30,.F.);
#1990=ADVANCED_FACE('',(#210),#1922,.T.);
#1991=ADVANCED_FACE('',(#211),#31,.F.);
#1992=ADVANCED_FACE('',(#212),#1923,.T.);
#1993=ADVANCED_FACE('',(#213),#32,.F.);
#1994=ADVANCED_FACE('',(#214),#1924,.T.);
#1995=ADVANCED_FACE('',(#215),#33,.F.);
#1996=ADVANCED_FACE('',(#216),#1925,.T.);
#1997=ADVANCED_FACE('',(#217),#34,.F.);
#1998=ADVANCED_FACE('',(#218),#1926,.T.);
#1999=ADVANCED_FACE('',(#219),#35,.F.);
#2000=ADVANCED_FACE('',(#220),#1927,.T.);
#2001=ADVANCED_FACE('',(#221),#36,.F.);
#2002=ADVANCED_FACE('',(#222),#1928,.T.);
#2003=ADVANCED_FACE('',(#223),#37,.F.);
#2004=ADVANCED_FACE('',(#224),#1929,.T.);
#2005=ADVANCED_FACE('',(#225),#38,.F.);
#2006=ADVANCED_FACE('',(#226),#1930,.T.);
#2007=ADVANCED_FACE('',(#227),#39,.F.);
#2008=ADVANCED_FACE('',(#228),#1931,.T.);
#2009=ADVANCED_FACE('',(#229),#40,.F.);
#2010=ADVANCED_FACE('',(#230),#1932,.T.);
#2011=ADVANCED_FACE('',(#231),#41,.F.);
#2012=ADVANCED_FACE('',(#232),#1933,.T.);
#2013=ADVANCED_FACE('',(#233),#42,.F.);
#2014=ADVANCED_FACE('',(#234),#1934,.T.);
#2015=ADVANCED_FACE('',(#235),#43,.F.);
#2016=ADVANCED_FACE('',(#236),#1935,.T.);
#2017=ADVANCED_FACE('',(#237),#44,.F.);
#2018=ADVANCED_FACE('',(#238),#1936,.T.);
#2019=ADVANCED_FACE('',(#239),#45,.F.);
#2020=ADVANCED_FACE('',(#240),#1937,.T.);
#2021=ADVANCED_FACE('',(#241),#46,.F.);
#2022=ADVANCED_FACE('',(#242),#1938,.T.);
#2023=ADVANCED_FACE('',(#243),#47,.F.);
#2024=ADVANCED_FACE('',(#244),#1939,.T.);
#2025=ADVANCED_FACE('',(#245),#48,.F.);
#2026=ADVANCED_FACE('',(#246),#1940,.T.);
#2027=ADVANCED_FACE('',(#247),#49,.F.);
#2028=ADVANCED_FACE('',(#248),#1941,.T.);
#2029=ADVANCED_FACE('',(#249),#50,.F.);
#2030=ADVANCED_FACE('',(#250),#1942,.T.);
#2031=ADVANCED_FACE('',(#251),#51,.F.);
#2032=ADVANCED_FACE('',(#252),#1943,.T.);
#2033=ADVANCED_FACE('',(#253),#52,.F.);
#2034=ADVANCED_FACE('',(#254),#1944,.T.);
#2035=ADVANCED_FACE('',(#255),#53,.F.);
#2036=ADVANCED_FACE('',(#256),#1945,.T.);
#2037=ADVANCED_FACE('',(#257),#54,.F.);
#2038=ADVANCED_FACE('',(#258),#1946,.T.);
#2039=ADVANCED_FACE('',(#259),#55,.F.);
#2040=ADVANCED_FACE('',(#260),#1947,.T.);
#2041=ADVANCED_FACE('',(#261),#56,.F.);
#2042=ADVANCED_FACE('',(#262),#1948,.T.);
#2043=ADVANCED_FACE('',(#263),#57,.F.);
#2044=ADVANCED_FACE('',(#264),#1949,.T.);
#2045=ADVANCED_FACE('',(#265),#58,.F.);
#2046=ADVANCED_FACE('',(#266),#1950,.T.);
#2047=ADVANCED_FACE('',(#267),#59,.F.);
#2048=ADVANCED_FACE('',(#268),#1951,.T.);
#2049=ADVANCED_FACE('',(#269),#60,.F.);
#2050=ADVANCED_FACE('',(#270),#1952,.T.);
#2051=ADVANCED_FACE('',(#271),#61,.F.);
#2052=ADVANCED_FACE('',(#272),#1953,.T.);
#2053=ADVANCED_FACE('',(#273),#62,.F.);
#2054=ADVANCED_FACE('',(#274),#1954,.T.);
#2055=ADVANCED_FACE('',(#275),#63,.F.);
#2056=ADVANCED_FACE('',(#276),#1955,.T.);
#2057=ADVANCED_FACE('',(#277),#64,.F.);
#2058=ADVANCED_FACE('',(#278),#1956,.T.);
#2059=ADVANCED_FACE('',(#279),#1957,.F.);
#2060=ADVANCED_FACE('',(#280),#1958,.F.);
#2061=ADVANCED_FACE('',(#281),#1959,.F.);
#2062=ADVANCED_FACE('',(#282),#1960,.F.);
#2063=CLOSED_SHELL('',(#1961,#1962,#1963,#1964,#1965,#1966,#1967,#1968,
#1969,#1970,#1971,#1972,#1973,#1974,#1975,#1976,#1977,#1978,#1979,#1980,
#1981,#1982,#1983,#1984,#1985,#1986,#1987,#1988,#1989,#1990,#1991,#1992,
#1993,#1994,#1995,#1996,#1997,#1998,#1999,#2000,#2001,#2002,#2003,#2004,
#2005,#2006,#2007,#2008,#2009,#2010,#2011,#2012,#2013,#2014,#2015,#2016,
#2017,#2018,#2019,#2020,#2021,#2022,#2023,#2024,#2025,#2026,#2027,#2028,
#2029,#2030,#2031,#2032,#2033,#2034,#2035,#2036,#2037,#2038,#2039,#2040,
#2041,#2042,#2043,#2044,#2045,#2046,#2047,#2048,#2049,#2050,#2051,#2052,
#2053,#2054,#2055,#2056,#2057,#2058,#2059,#2060,#2061,#2062));
#2064=DERIVED_UNIT_ELEMENT(#2066,1.);
#2065=DERIVED_UNIT_ELEMENT(#3465,-3.);
#2066=(
MASS_UNIT()
NAMED_UNIT(*)
SI_UNIT(.KILO.,.GRAM.)
);
#2067=DERIVED_UNIT((#2064,#2065));
#2068=MEASURE_REPRESENTATION_ITEM('density measure',
POSITIVE_RATIO_MEASURE(7850.),#2067);
#2069=PROPERTY_DEFINITION_REPRESENTATION(#2074,#2071);
#2070=PROPERTY_DEFINITION_REPRESENTATION(#2075,#2072);
#2071=REPRESENTATION('material name',(#2073),#3462);
#2072=REPRESENTATION('density',(#2068),#3462);
#2073=DESCRIPTIVE_REPRESENTATION_ITEM('Steel','Steel');
#2074=PROPERTY_DEFINITION('material property','material name',#3472);
#2075=PROPERTY_DEFINITION('material property','density of part',#3472);
#2076=AXIS2_PLACEMENT_3D('',#2865,#2271,#2272);
#2077=AXIS2_PLACEMENT_3D('',#2866,#2273,#2274);
#2078=AXIS2_PLACEMENT_3D('',#2876,#2279,#2280);
#2079=AXIS2_PLACEMENT_3D('',#2878,#2281,#2282);
#2080=AXIS2_PLACEMENT_3D('',#2891,#2288,#2289);
#2081=AXIS2_PLACEMENT_3D('',#2895,#2291,#2292);
#2082=AXIS2_PLACEMENT_3D('',#2899,#2294,#2295);
#2083=AXIS2_PLACEMENT_3D('',#2902,#2297,#2298);
#2084=AXIS2_PLACEMENT_3D('',#2907,#2300,#2301);
#2085=AXIS2_PLACEMENT_3D('',#2911,#2303,#2304);
#2086=AXIS2_PLACEMENT_3D('',#2915,#2306,#2307);
#2087=AXIS2_PLACEMENT_3D('',#2918,#2309,#2310);
#2088=AXIS2_PLACEMENT_3D('',#2923,#2312,#2313);
#2089=AXIS2_PLACEMENT_3D('',#2927,#2315,#2316);
#2090=AXIS2_PLACEMENT_3D('',#2931,#2318,#2319);
#2091=AXIS2_PLACEMENT_3D('',#2934,#2321,#2322);
#2092=AXIS2_PLACEMENT_3D('',#2939,#2324,#2325);
#2093=AXIS2_PLACEMENT_3D('',#2943,#2327,#2328);
#2094=AXIS2_PLACEMENT_3D('',#2947,#2330,#2331);
#2095=AXIS2_PLACEMENT_3D('',#2950,#2333,#2334);
#2096=AXIS2_PLACEMENT_3D('',#2955,#2336,#2337);
#2097=AXIS2_PLACEMENT_3D('',#2959,#2339,#2340);
#2098=AXIS2_PLACEMENT_3D('',#2963,#2342,#2343);
#2099=AXIS2_PLACEMENT_3D('',#2966,#2345,#2346);
#2100=AXIS2_PLACEMENT_3D('',#2971,#2348,#2349);
#2101=AXIS2_PLACEMENT_3D('',#2975,#2351,#2352);
#2102=AXIS2_PLACEMENT_3D('',#2979,#2354,#2355);
#2103=AXIS2_PLACEMENT_3D('',#2982,#2357,#2358);
#2104=AXIS2_PLACEMENT_3D('',#2987,#2360,#2361);
#2105=AXIS2_PLACEMENT_3D('',#2991,#2363,#2364);
#2106=AXIS2_PLACEMENT_3D('',#2995,#2366,#2367);
#2107=AXIS2_PLACEMENT_3D('',#2998,#2369,#2370);
#2108=AXIS2_PLACEMENT_3D('',#3003,#2372,#2373);
#2109=AXIS2_PLACEMENT_3D('',#3007,#2375,#2376);
#2110=AXIS2_PLACEMENT_3D('',#3011,#2378,#2379);
#2111=AXIS2_PLACEMENT_3D('',#3014,#2381,#2382);
#2112=AXIS2_PLACEMENT_3D('',#3019,#2384,#2385);
#2113=AXIS2_PLACEMENT_3D('',#3023,#2387,#2388);
#2114=AXIS2_PLACEMENT_3D('',#3027,#2390,#2391);
#2115=AXIS2_PLACEMENT_3D('',#3030,#2393,#2394);
#2116=AXIS2_PLACEMENT_3D('',#3032,#2395,#2396);
#2117=AXIS2_PLACEMENT_3D('',#3034,#2397,#2398);
#2118=AXIS2_PLACEMENT_3D('',#3035,#2399,#2400);
#2119=AXIS2_PLACEMENT_3D('',#3037,#2401,#2402);
#2120=AXIS2_PLACEMENT_3D('',#3039,#2404,#2405);
#2121=AXIS2_PLACEMENT_3D('',#3041,#2406,#2407);
#2122=AXIS2_PLACEMENT_3D('',#3043,#2409,#2410);
#2123=AXIS2_PLACEMENT_3D('',#3045,#2411,#2412);
#2124=AXIS2_PLACEMENT_3D('',#3047,#2414,#2415);
#2125=AXIS2_PLACEMENT_3D('',#3049,#2416,#2417);
#2126=AXIS2_PLACEMENT_3D('',#3051,#2419,#2420);
#2127=AXIS2_PLACEMENT_3D('',#3054,#2421,#2422);
#2128=AXIS2_PLACEMENT_3D('',#3058,#2424,#2425);
#2129=AXIS2_PLACEMENT_3D('',#3060,#2427,#2428);
#2130=AXIS2_PLACEMENT_3D('',#3066,#2432,#2433);
#2131=AXIS2_PLACEMENT_3D('',#3069,#2434,#2435);
#2132=AXIS2_PLACEMENT_3D('',#3073,#2437,#2438);
#2133=AXIS2_PLACEMENT_3D('',#3075,#2440,#2441);
#2134=AXIS2_PLACEMENT_3D('',#3081,#2445,#2446);
#2135=AXIS2_PLACEMENT_3D('',#3088,#2450,#2451);
#2136=AXIS2_PLACEMENT_3D('',#3089,#2452,#2453);
#2137=AXIS2_PLACEMENT_3D('',#3093,#2455,#2456);
#2138=AXIS2_PLACEMENT_3D('',#3097,#2459,#2460);
#2139=AXIS2_PLACEMENT_3D('',#3099,#2462,#2463);
#2140=AXIS2_PLACEMENT_3D('',#3105,#2467,#2468);
#2141=AXIS2_PLACEMENT_3D('',#3111,#2472,#2473);
#2142=AXIS2_PLACEMENT_3D('',#3129,#2482,#2483);
#2143=AXIS2_PLACEMENT_3D('',#3133,#2485,#2486);
#2144=AXIS2_PLACEMENT_3D('',#3137,#2488,#2489);
#2145=AXIS2_PLACEMENT_3D('',#3140,#2491,#2492);
#2146=AXIS2_PLACEMENT_3D('',#3145,#2494,#2495);
#2147=AXIS2_PLACEMENT_3D('',#3149,#2497,#2498);
#2148=AXIS2_PLACEMENT_3D('',#3153,#2500,#2501);
#2149=AXIS2_PLACEMENT_3D('',#3156,#2503,#2504);
#2150=AXIS2_PLACEMENT_3D('',#3161,#2506,#2507);
#2151=AXIS2_PLACEMENT_3D('',#3165,#2509,#2510);
#2152=AXIS2_PLACEMENT_3D('',#3169,#2512,#2513);
#2153=AXIS2_PLACEMENT_3D('',#3172,#2515,#2516);
#2154=AXIS2_PLACEMENT_3D('',#3177,#2518,#2519);
#2155=AXIS2_PLACEMENT_3D('',#3181,#2521,#2522);
#2156=AXIS2_PLACEMENT_3D('',#3185,#2524,#2525);
#2157=AXIS2_PLACEMENT_3D('',#3188,#2527,#2528);
#2158=AXIS2_PLACEMENT_3D('',#3193,#2530,#2531);
#2159=AXIS2_PLACEMENT_3D('',#3197,#2533,#2534);
#2160=AXIS2_PLACEMENT_3D('',#3201,#2536,#2537);
#2161=AXIS2_PLACEMENT_3D('',#3204,#2539,#2540);
#2162=AXIS2_PLACEMENT_3D('',#3209,#2542,#2543);
#2163=AXIS2_PLACEMENT_3D('',#3213,#2545,#2546);
#2164=AXIS2_PLACEMENT_3D('',#3217,#2548,#2549);
#2165=AXIS2_PLACEMENT_3D('',#3220,#2551,#2552);
#2166=AXIS2_PLACEMENT_3D('',#3225,#2554,#2555);
#2167=AXIS2_PLACEMENT_3D('',#3229,#2557,#2558);
#2168=AXIS2_PLACEMENT_3D('',#3233,#2560,#2561);
#2169=AXIS2_PLACEMENT_3D('',#3236,#2563,#2564);
#2170=AXIS2_PLACEMENT_3D('',#3241,#2566,#2567);
#2171=AXIS2_PLACEMENT_3D('',#3245,#2569,#2570);
#2172=AXIS2_PLACEMENT_3D('',#3249,#2572,#2573);
#2173=AXIS2_PLACEMENT_3D('',#3252,#2575,#2576);
#2174=AXIS2_PLACEMENT_3D('',#3257,#2578,#2579);
#2175=AXIS2_PLACEMENT_3D('',#3261,#2581,#2582);
#2176=AXIS2_PLACEMENT_3D('',#3265,#2584,#2585);
#2177=AXIS2_PLACEMENT_3D('',#3268,#2587,#2588);
#2178=AXIS2_PLACEMENT_3D('',#3277,#2593,#2594);
#2179=AXIS2_PLACEMENT_3D('',#3281,#2597,#2598);
#2180=AXIS2_PLACEMENT_3D('',#3282,#2599,#2600);
#2181=AXIS2_PLACEMENT_3D('',#3285,#2602,#2603);
#2182=AXIS2_PLACEMENT_3D('',#3287,#2605,#2606);
#2183=AXIS2_PLACEMENT_3D('',#3288,#2607,#2608);
#2184=AXIS2_PLACEMENT_3D('',#3292,#2611,#2612);
#2185=AXIS2_PLACEMENT_3D('',#3296,#2615,#2616);
#2186=AXIS2_PLACEMENT_3D('',#3297,#2617,#2618);
#2187=AXIS2_PLACEMENT_3D('',#3298,#2619,#2620);
#2188=AXIS2_PLACEMENT_3D('',#3299,#2621,#2622);
#2189=AXIS2_PLACEMENT_3D('',#3300,#2623,#2624);
#2190=AXIS2_PLACEMENT_3D('',#3301,#2625,#2626);
#2191=AXIS2_PLACEMENT_3D('',#3302,#2627,#2628);
#2192=AXIS2_PLACEMENT_3D('',#3304,#2630,#2631);
#2193=AXIS2_PLACEMENT_3D('',#3306,#2633,#2634);
#2194=AXIS2_PLACEMENT_3D('',#3307,#2635,#2636);
#2195=AXIS2_PLACEMENT_3D('',#3310,#2639,#2640);
#2196=AXIS2_PLACEMENT_3D('',#3312,#2642,#2643);
#2197=AXIS2_PLACEMENT_3D('',#3314,#2645,#2646);
#2198=AXIS2_PLACEMENT_3D('',#3316,#2648,#2649);
#2199=AXIS2_PLACEMENT_3D('',#3318,#2651,#2652);
#2200=AXIS2_PLACEMENT_3D('',#3320,#2654,#2655);
#2201=AXIS2_PLACEMENT_3D('',#3322,#2657,#2658);
#2202=AXIS2_PLACEMENT_3D('',#3323,#2659,#2660);
#2203=AXIS2_PLACEMENT_3D('',#3326,#2663,#2664);
#2204=AXIS2_PLACEMENT_3D('',#3328,#2666,#2667);
#2205=AXIS2_PLACEMENT_3D('',#3330,#2669,#2670);
#2206=AXIS2_PLACEMENT_3D('',#3332,#2672,#2673);
#2207=AXIS2_PLACEMENT_3D('',#3334,#2675,#2676);
#2208=AXIS2_PLACEMENT_3D('',#3336,#2678,#2679);
#2209=AXIS2_PLACEMENT_3D('',#3338,#2681,#2682);
#2210=AXIS2_PLACEMENT_3D('',#3339,#2683,#2684);
#2211=AXIS2_PLACEMENT_3D('',#3342,#2687,#2688);
#2212=AXIS2_PLACEMENT_3D('',#3344,#2690,#2691);
#2213=AXIS2_PLACEMENT_3D('',#3346,#2693,#2694);
#2214=AXIS2_PLACEMENT_3D('',#3348,#2696,#2697);
#2215=AXIS2_PLACEMENT_3D('',#3350,#2699,#2700);
#2216=AXIS2_PLACEMENT_3D('',#3352,#2702,#2703);
#2217=AXIS2_PLACEMENT_3D('',#3354,#2705,#2706);
#2218=AXIS2_PLACEMENT_3D('',#3355,#2707,#2708);
#2219=AXIS2_PLACEMENT_3D('',#3358,#2711,#2712);
#2220=AXIS2_PLACEMENT_3D('',#3360,#2714,#2715);
#2221=AXIS2_PLACEMENT_3D('',#3362,#2717,#2718);
#2222=AXIS2_PLACEMENT_3D('',#3364,#2720,#2721);
#2223=AXIS2_PLACEMENT_3D('',#3366,#2723,#2724);
#2224=AXIS2_PLACEMENT_3D('',#3368,#2726,#2727);
#2225=AXIS2_PLACEMENT_3D('',#3370,#2729,#2730);
#2226=AXIS2_PLACEMENT_3D('',#3371,#2731,#2732);
#2227=AXIS2_PLACEMENT_3D('',#3374,#2735,#2736);
#2228=AXIS2_PLACEMENT_3D('',#3376,#2738,#2739);
#2229=AXIS2_PLACEMENT_3D('',#3378,#2741,#2742);
#2230=AXIS2_PLACEMENT_3D('',#3380,#2744,#2745);
#2231=AXIS2_PLACEMENT_3D('',#3382,#2747,#2748);
#2232=AXIS2_PLACEMENT_3D('',#3384,#2750,#2751);
#2233=AXIS2_PLACEMENT_3D('',#3386,#2753,#2754);
#2234=AXIS2_PLACEMENT_3D('',#3387,#2755,#2756);
#2235=AXIS2_PLACEMENT_3D('',#3390,#2759,#2760);
#2236=AXIS2_PLACEMENT_3D('',#3392,#2762,#2763);
#2237=AXIS2_PLACEMENT_3D('',#3394,#2765,#2766);
#2238=AXIS2_PLACEMENT_3D('',#3396,#2768,#2769);
#2239=AXIS2_PLACEMENT_3D('',#3398,#2771,#2772);
#2240=AXIS2_PLACEMENT_3D('',#3400,#2774,#2775);
#2241=AXIS2_PLACEMENT_3D('',#3402,#2777,#2778);
#2242=AXIS2_PLACEMENT_3D('',#3403,#2779,#2780);
#2243=AXIS2_PLACEMENT_3D('',#3406,#2783,#2784);
#2244=AXIS2_PLACEMENT_3D('',#3408,#2786,#2787);
#2245=AXIS2_PLACEMENT_3D('',#3410,#2789,#2790);
#2246=AXIS2_PLACEMENT_3D('',#3412,#2792,#2793);
#2247=AXIS2_PLACEMENT_3D('',#3414,#2795,#2796);
#2248=AXIS2_PLACEMENT_3D('',#3416,#2798,#2799);
#2249=AXIS2_PLACEMENT_3D('',#3418,#2801,#2802);
#2250=AXIS2_PLACEMENT_3D('',#3419,#2803,#2804);
#2251=AXIS2_PLACEMENT_3D('',#3422,#2807,#2808);
#2252=AXIS2_PLACEMENT_3D('',#3424,#2810,#2811);
#2253=AXIS2_PLACEMENT_3D('',#3426,#2813,#2814);
#2254=AXIS2_PLACEMENT_3D('',#3428,#2816,#2817);
#2255=AXIS2_PLACEMENT_3D('',#3430,#2819,#2820);
#2256=AXIS2_PLACEMENT_3D('',#3432,#2822,#2823);
#2257=AXIS2_PLACEMENT_3D('',#3434,#2825,#2826);
#2258=AXIS2_PLACEMENT_3D('',#3435,#2827,#2828);
#2259=AXIS2_PLACEMENT_3D('',#3438,#2831,#2832);
#2260=AXIS2_PLACEMENT_3D('',#3440,#2834,#2835);
#2261=AXIS2_PLACEMENT_3D('',#3442,#2837,#2838);
#2262=AXIS2_PLACEMENT_3D('',#3444,#2840,#2841);
#2263=AXIS2_PLACEMENT_3D('',#3446,#2843,#2844);
#2264=AXIS2_PLACEMENT_3D('',#3448,#2846,#2847);
#2265=AXIS2_PLACEMENT_3D('',#3450,#2849,#2850);
#2266=AXIS2_PLACEMENT_3D('',#3451,#2851,#2852);
#2267=AXIS2_PLACEMENT_3D('',#3452,#2853,#2854);
#2268=AXIS2_PLACEMENT_3D('',#3455,#2857,#2858);
#2269=AXIS2_PLACEMENT_3D('',#3457,#2860,#2861);
#2270=AXIS2_PLACEMENT_3D('',#3459,#2863,#2864);
#2271=DIRECTION('axis',(0.,0.,1.));
#2272=DIRECTION('refdir',(1.,0.,0.));
#2273=DIRECTION('center_axis',(0.,0.,1.));
#2274=DIRECTION('ref_axis',(1.,2.46519032881566E-32,0.));
#2275=DIRECTION('',(2.46519032881566E-32,-1.,9.46633086265214E-30));
#2276=DIRECTION('',(1.,2.46519032881566E-32,-4.04820401020703E-79));
#2277=DIRECTION('',(-2.46519032881566E-32,1.,-9.46633086265214E-30));
#2278=DIRECTION('',(-1.,-2.46519032881566E-32,4.04820401020703E-79));
#2279=DIRECTION('center_axis',(0.,0.,-1.));
#2280=DIRECTION('ref_axis',(1.,2.46519032881566E-32,1.52050614618583E-49));
#2281=DIRECTION('center_axis',(-2.33363072919793E-61,9.46633086265214E-30,
1.));
#2282=DIRECTION('ref_axis',(1.,2.46519032881566E-32,-1.3684555315672E-48));
#2283=DIRECTION('',(1.,-2.88656804064271E-17,2.73252081302814E-46));
#2284=DIRECTION('',(2.46519032881566E-32,-1.,9.46633086265214E-30));
#2285=DIRECTION('',(-1.,-2.46519032881566E-32,-2.06458651602985E-77));
#2286=DIRECTION('',(-2.98889277206156E-16,1.,-9.46633086265214E-30));
#2287=DIRECTION('',(1.,2.46519032881566E-32,-4.04820401020772E-79));
#2288=DIRECTION('center_axis',(2.33363072919793E-61,-9.46633086265214E-30,
-1.));
#2289=DIRECTION('ref_axis',(1.,2.46519032881566E-32,-4.04820401020772E-79));
#2290=DIRECTION('',(2.46519032881566E-32,-1.,9.46633086265214E-30));
#2291=DIRECTION('center_axis',(2.33363072919793E-61,-9.46633086265214E-30,
-1.));
#2292=DIRECTION('ref_axis',(2.46519032881566E-32,-1.,9.46016788683009E-30));
#2293=DIRECTION('',(-1.,-2.46519032881566E-32,4.04820401020772E-79));
#2294=DIRECTION('center_axis',(2.33363072919793E-61,-9.46633086265214E-30,
-1.));
#2295=DIRECTION('ref_axis',(-1.,-2.46519032881566E-32,4.04820401020772E-79));
#2296=DIRECTION('',(-2.46519032881566E-32,1.,-9.46633086265214E-30));
#2297=DIRECTION('center_axis',(2.33363072919793E-61,-9.46633086265214E-30,
-1.));
#2298=DIRECTION('ref_axis',(-2.46519032881566E-32,1.,-9.4601678868301E-30));
#2299=DIRECTION('',(1.,2.46519032881566E-32,-4.04820401020772E-79));
#2300=DIRECTION('center_axis',(2.33363072919793E-61,-9.46633086265214E-30,
-1.));
#2301=DIRECTION('ref_axis',(1.,2.46519032881566E-32,-4.04820401020772E-79));
#2302=DIRECTION('',(2.46519032881566E-32,-1.,9.46633086265214E-30));
#2303=DIRECTION('center_axis',(2.33363072919793E-61,-9.46633086265214E-30,
-1.));
#2304=DIRECTION('ref_axis',(2.46519032881566E-32,-1.,9.46016788683009E-30));
#2305=DIRECTION('',(-1.,1.70803542250024E-16,-1.61614598278087E-45));
#2306=DIRECTION('center_axis',(2.33363072919793E-61,-9.46633086265214E-30,
-1.));
#2307=DIRECTION('ref_axis',(-1.,-2.46519032881566E-32,4.04820401020772E-79));
#2308=DIRECTION('',(-2.46519032881566E-32,1.,-9.46633086265214E-30));
#2309=DIRECTION('center_axis',(2.33363072919793E-61,-9.46633086265214E-30,
-1.));
#2310=DIRECTION('ref_axis',(-2.46519032881566E-32,1.,-9.4601678868301E-30));
#2311=DIRECTION('',(1.,2.46519032881566E-32,-4.04820401020772E-79));
#2312=DIRECTION('center_axis',(2.33363072919793E-61,-9.46633086265214E-30,
-1.));
#2313=DIRECTION('ref_axis',(1.,2.46519032881566E-32,-4.04820401020772E-79));
#2314=DIRECTION('',(2.46519032881566E-32,-1.,9.46633086265214E-30));
#2315=DIRECTION('center_axis',(2.33363072919793E-61,-9.46633086265214E-30,
-1.));
#2316=DIRECTION('ref_axis',(2.46519032881566E-32,-1.,9.46016788683009E-30));
#2317=DIRECTION('',(-1.,-2.46519032881566E-32,4.04820401020772E-79));
#2318=DIRECTION('center_axis',(2.33363072919793E-61,-9.46633086265214E-30,
-1.));
#2319=DIRECTION('ref_axis',(-1.,-2.46519032881566E-32,4.04820401020772E-79));
#2320=DIRECTION('',(-2.46519032881566E-32,1.,-9.46633086265214E-30));
#2321=DIRECTION('center_axis',(2.33363072919793E-61,-9.46633086265214E-30,
-1.));
#2322=DIRECTION('ref_axis',(-2.46519032881566E-32,1.,-9.4601678868301E-30));
#2323=DIRECTION('',(1.,2.46519032881566E-32,-4.04820401020772E-79));
#2324=DIRECTION('center_axis',(2.33363072919793E-61,-9.46633086265214E-30,
-1.));
#2325=DIRECTION('ref_axis',(1.,2.46519032881566E-32,-4.04820401020772E-79));
#2326=DIRECTION('',(1.70803542250024E-16,-1.,9.46633086265214E-30));
#2327=DIRECTION('center_axis',(2.33363072919793E-61,-9.46633086265214E-30,
-1.));
#2328=DIRECTION('ref_axis',(2.46519032881566E-32,-1.,9.46016788683014E-30));
#2329=DIRECTION('',(-1.,-2.46519032881566E-32,4.04820401020772E-79));
#2330=DIRECTION('center_axis',(2.33363072919793E-61,-9.46633086265214E-30,
-1.));
#2331=DIRECTION('ref_axis',(-1.,-2.46519032881566E-32,4.04820401020772E-79));
#2332=DIRECTION('',(-2.46519032881566E-32,1.,-9.46633086265214E-30));
#2333=DIRECTION('center_axis',(2.33363072919793E-61,-9.46633086265214E-30,
-1.));
#2334=DIRECTION('ref_axis',(-2.46519032881566E-32,1.,-9.46016788683014E-30));
#2335=DIRECTION('',(1.,2.46519032881566E-32,-4.04820401020772E-79));
#2336=DIRECTION('center_axis',(2.33363072919793E-61,-9.46633086265214E-30,
-1.));
#2337=DIRECTION('ref_axis',(1.,2.46519032881566E-32,-4.04820401020772E-79));
#2338=DIRECTION('',(2.46519032881566E-32,-1.,9.46633086265214E-30));
#2339=DIRECTION('center_axis',(2.33363072919793E-61,-9.46633086265214E-30,
-1.));
#2340=DIRECTION('ref_axis',(2.46519032881566E-32,-1.,9.46016788683014E-30));
#2341=DIRECTION('',(-1.,-2.46519032881566E-32,4.04820401020772E-79));
#2342=DIRECTION('center_axis',(2.33363072919793E-61,-9.46633086265214E-30,
-1.));
#2343=DIRECTION('ref_axis',(-1.,-2.46519032881566E-32,4.04820401020772E-79));
#2344=DIRECTION('',(-2.46519032881566E-32,1.,-9.46633086265214E-30));
#2345=DIRECTION('center_axis',(2.33363072919793E-61,-9.46633086265214E-30,
-1.));
#2346=DIRECTION('ref_axis',(-2.46519032881566E-32,1.,-9.46016788683014E-30));
#2347=DIRECTION('',(2.46519032881566E-32,-1.,9.46633086265214E-30));
#2348=DIRECTION('center_axis',(2.33363072919793E-61,-9.46633086265214E-30,
-1.));
#2349=DIRECTION('ref_axis',(2.46519032881566E-32,-1.,9.46016788683014E-30));
#2350=DIRECTION('',(-1.,-2.46519032881566E-32,4.04820401020772E-79));
#2351=DIRECTION('center_axis',(2.33363072919793E-61,-9.46633086265214E-30,
-1.));
#2352=DIRECTION('ref_axis',(-1.,-2.46519032881566E-32,4.04820401020772E-79));
#2353=DIRECTION('',(-2.46519032881566E-32,1.,-9.46633086265214E-30));
#2354=DIRECTION('center_axis',(2.33363072919793E-61,-9.46633086265214E-30,
-1.));
#2355=DIRECTION('ref_axis',(-2.46519032881566E-32,1.,-9.46016788683014E-30));
#2356=DIRECTION('',(1.,2.46519032881566E-32,-4.04820401020772E-79));
#2357=DIRECTION('center_axis',(2.33363072919793E-61,-9.46633086265214E-30,
-1.));
#2358=DIRECTION('ref_axis',(1.,2.46519032881566E-32,-4.04820401020772E-79));
#2359=DIRECTION('',(1.,2.46519032881566E-32,-4.04820401020772E-79));
#2360=DIRECTION('center_axis',(2.33363072919793E-61,-9.46633086265214E-30,
-1.));
#2361=DIRECTION('ref_axis',(1.,2.46519032881566E-32,-4.04820401020772E-79));
#2362=DIRECTION('',(2.46519032881566E-32,-1.,9.46633086265214E-30));
#2363=DIRECTION('center_axis',(2.33363072919793E-61,-9.46633086265214E-30,
-1.));
#2364=DIRECTION('ref_axis',(2.46519032881566E-32,-1.,9.46016788683014E-30));
#2365=DIRECTION('',(-1.,-2.46519032881566E-32,4.04820401020772E-79));
#2366=DIRECTION('center_axis',(2.33363072919793E-61,-9.46633086265214E-30,
-1.));
#2367=DIRECTION('ref_axis',(-1.,-2.46519032881566E-32,4.04820401020772E-79));
#2368=DIRECTION('',(-2.46519032881566E-32,1.,-9.46633086265214E-30));
#2369=DIRECTION('center_axis',(2.33363072919793E-61,-9.46633086265214E-30,
-1.));
#2370=DIRECTION('ref_axis',(-2.46519032881566E-32,1.,-9.46016788683014E-30));
#2371=DIRECTION('',(1.,2.46519032881566E-32,-4.04820401020772E-79));
#2372=DIRECTION('center_axis',(2.33363072919793E-61,-9.46633086265214E-30,
-1.));
#2373=DIRECTION('ref_axis',(1.,2.46519032881566E-32,-4.04820401020772E-79));
#2374=DIRECTION('',(2.46519032881566E-32,-1.,9.46633086265214E-30));
#2375=DIRECTION('center_axis',(2.33363072919793E-61,-9.46633086265214E-30,
-1.));
#2376=DIRECTION('ref_axis',(2.46519032881566E-32,-1.,9.46016788683014E-30));
#2377=DIRECTION('',(-1.,-2.46519032881566E-32,4.04820401020772E-79));
#2378=DIRECTION('center_axis',(2.33363072919793E-61,-9.46633086265214E-30,
-1.));
#2379=DIRECTION('ref_axis',(-1.,-2.46519032881566E-32,4.04820401020772E-79));
#2380=DIRECTION('',(-2.46519032881566E-32,1.,-9.46633086265214E-30));
#2381=DIRECTION('center_axis',(2.33363072919793E-61,-9.46633086265214E-30,
-1.));
#2382=DIRECTION('ref_axis',(-2.46519032881566E-32,1.,-9.46016788683014E-30));
#2383=DIRECTION('',(1.,2.46519032881566E-32,-4.04820401020772E-79));
#2384=DIRECTION('center_axis',(2.33363072919793E-61,-9.46633086265214E-30,
-1.));
#2385=DIRECTION('ref_axis',(1.,2.46519032881566E-32,-4.04820401020772E-79));
#2386=DIRECTION('',(2.46519032881566E-32,-1.,9.46633086265214E-30));
#2387=DIRECTION('center_axis',(2.33363072919793E-61,-9.46633086265214E-30,
-1.));
#2388=DIRECTION('ref_axis',(2.46519032881566E-32,-1.,9.46016788683014E-30));
#2389=DIRECTION('',(-1.,-2.46519032881566E-32,4.04820401020772E-79));
#2390=DIRECTION('center_axis',(2.33363072919793E-61,-9.46633086265214E-30,
-1.));
#2391=DIRECTION('ref_axis',(-1.,-2.46519032881566E-32,4.04820401020772E-79));
#2392=DIRECTION('',(-2.46519032881566E-32,1.,-9.46633086265214E-30));
#2393=DIRECTION('center_axis',(2.33363072919793E-61,-9.46633086265214E-30,
-1.));
#2394=DIRECTION('ref_axis',(-2.46519032881566E-32,1.,-9.46016788683014E-30));
#2395=DIRECTION('center_axis',(-2.33363072919793E-61,9.46633086265214E-30,
1.));
#2396=DIRECTION('ref_axis',(1.,2.46519032881566E-32,-1.3684555315672E-48));
#2397=DIRECTION('center_axis',(0.,0.,1.));
#2398=DIRECTION('ref_axis',(1.,2.46519032881566E-32,1.52050614618583E-49));
#2399=DIRECTION('center_axis',(0.,-6.16790569236218E-18,1.));
#2400=DIRECTION('ref_axis',(1.,2.46519032881566E-32,1.52050614618583E-49));
#2401=DIRECTION('center_axis',(-2.33363072919793E-61,9.46633086265214E-30,
1.));
#2402=DIRECTION('ref_axis',(1.,2.46519032881566E-32,0.));
#2403=DIRECTION('',(0.,-6.16790569236218E-18,1.));
#2404=DIRECTION('center_axis',(0.,-6.16790569236218E-18,1.));
#2405=DIRECTION('ref_axis',(1.,2.46519032881566E-32,1.52050614618583E-49));
#2406=DIRECTION('center_axis',(-2.33363072919793E-61,9.46633086265214E-30,
1.));
#2407=DIRECTION('ref_axis',(1.,2.46519032881566E-32,0.));
#2408=DIRECTION('',(0.,-6.16790569236218E-18,1.));
#2409=DIRECTION('center_axis',(0.,5.55111512312576E-17,1.));
#2410=DIRECTION('ref_axis',(1.,2.46519032881566E-32,-1.3684555315672E-48));
#2411=DIRECTION('center_axis',(-2.33363072919793E-61,9.46633086265214E-30,
1.));
#2412=DIRECTION('ref_axis',(1.,2.46519032881566E-32,0.));
#2413=DIRECTION('',(0.,5.55111512312576E-17,1.));
#2414=DIRECTION('center_axis',(0.,5.55111512312576E-17,1.));
#2415=DIRECTION('ref_axis',(1.,2.46519032881566E-32,-1.3684555315672E-48));
#2416=DIRECTION('center_axis',(-2.33363072919793E-61,9.46633086265214E-30,
1.));
#2417=DIRECTION('ref_axis',(1.,2.46519032881566E-32,0.));
#2418=DIRECTION('',(0.,5.55111512312576E-17,1.));
#2419=DIRECTION('center_axis',(-2.4195440988796E-30,-1.,0.));
#2420=DIRECTION('ref_axis',(-0.790569411507977,-1.94890406750695E-32,-0.612372440258321));
#2421=DIRECTION('center_axis',(2.46519032881566E-32,-1.,0.));
#2422=DIRECTION('ref_axis',(-0.790569411507977,-1.94890406750695E-32,-0.612372440258321));
#2423=DIRECTION('',(-2.46519032881566E-32,1.,-9.46633086265214E-30));
#2424=DIRECTION('center_axis',(-2.46519032881566E-32,1.,0.));
#2425=DIRECTION('ref_axis',(-0.790569411507977,-1.94890406750695E-32,-0.612372440258321));
#2426=DIRECTION('',(-2.4195440988796E-30,-1.,0.));
#2427=DIRECTION('center_axis',(0.,0.,1.));
#2428=DIRECTION('ref_axis',(2.46519032881566E-32,-1.,0.));
#2429=DIRECTION('',(1.,2.46519032881566E-32,0.));
#2430=DIRECTION('',(2.46519032881566E-32,-1.,0.));
#2431=DIRECTION('',(1.,2.46519032881566E-32,0.));
#2432=DIRECTION('center_axis',(-2.4688479054559E-30,1.,0.));
#2433=DIRECTION('ref_axis',(0.790569411507979,1.94890406750696E-32,-0.612372440258319));
#2434=DIRECTION('center_axis',(-2.46519032881566E-32,1.,0.));
#2435=DIRECTION('ref_axis',(0.790569411507979,1.94890406750696E-32,-0.612372440258319));
#2436=DIRECTION('',(2.46519032881566E-32,-1.,9.46633086265214E-30));
#2437=DIRECTION('center_axis',(2.46519032881566E-32,-1.,0.));
#2438=DIRECTION('ref_axis',(0.790569411507979,1.94890406750696E-32,-0.612372440258319));
#2439=DIRECTION('',(-2.4688479054559E-30,1.,0.));
#2440=DIRECTION('center_axis',(0.,0.,1.));
#2441=DIRECTION('ref_axis',(7.10542725172188E-17,1.,0.));
#2442=DIRECTION('',(-1.,-2.46519032881566E-32,0.));
#2443=DIRECTION('',(7.10542725172188E-17,1.,0.));
#2444=DIRECTION('',(-1.,-2.46519032881566E-32,0.));
#2445=DIRECTION('center_axis',(2.46519032881566E-32,-1.,0.));
#2446=DIRECTION('ref_axis',(-8.88178406465236E-15,-2.189528817881E-46,1.));
#2447=DIRECTION('',(0.,0.,1.));
#2448=DIRECTION('',(1.,2.46519032881566E-32,-4.04820401020703E-79));
#2449=DIRECTION('',(-8.88178406465236E-15,-2.189528817881E-46,1.));
#2450=DIRECTION('center_axis',(-2.46519032881566E-32,1.,0.));
#2451=DIRECTION('ref_axis',(0.707106781186547,1.74315279842105E-32,0.707106781186547));
#2452=DIRECTION('center_axis',(-2.46519032881566E-32,1.,0.));
#2453=DIRECTION('ref_axis',(0.,0.,-1.));
#2454=DIRECTION('',(0.,0.,-1.));
#2455=DIRECTION('center_axis',(2.46519032881566E-32,-1.,0.));
#2456=DIRECTION('ref_axis',(0.707106781186547,1.74315279842105E-32,0.707106781186547));
#2457=DIRECTION('',(0.,0.,-1.));
#2458=DIRECTION('',(-1.,-2.46519032881566E-32,4.04820401020703E-79));
#2459=DIRECTION('center_axis',(-1.,-2.46519032881566E-32,0.));
#2460=DIRECTION('ref_axis',(2.46519032881566E-32,-1.,5.55111512312576E-17));
#2461=DIRECTION('',(2.46519032881566E-32,-1.,9.46633086265214E-30));
#2462=DIRECTION('center_axis',(1.,2.46519032881566E-32,0.));
#2463=DIRECTION('ref_axis',(-2.46519032881566E-32,1.,-5.55111512312576E-17));
#2464=DIRECTION('',(-2.46519032881566E-32,1.,-9.46633086265214E-30));
#2465=DIRECTION('',(-1.3684555315672E-48,5.55111512312576E-17,1.));
#2466=DIRECTION('',(2.46519032881566E-32,-1.,5.55111512312576E-17));
#2467=DIRECTION('center_axis',(1.,2.46519032881566E-32,0.));
#2468=DIRECTION('ref_axis',(-2.46519032881566E-32,1.,-5.55111512312576E-17));
#2469=DIRECTION('',(2.46519032881566E-32,-1.,5.55111512312576E-17));
#2470=DIRECTION('',(1.3684555315672E-48,-5.55111512312576E-17,-1.));
#2471=DIRECTION('',(-2.46519032881566E-32,1.,-9.46633086265214E-30));
#2472=DIRECTION('center_axis',(-2.33363072919793E-61,9.46633086265214E-30,
1.));
#2473=DIRECTION('ref_axis',(1.,2.46519032881566E-32,-4.04820401020772E-79));
#2474=DIRECTION('',(1.,2.46519032881566E-32,0.));
#2475=DIRECTION('',(-2.46519032881566E-32,1.,-5.55111512312576E-17));
#2476=DIRECTION('',(1.,2.46519032881566E-32,-4.04820401020703E-79));
#2477=DIRECTION('',(-2.46519032881566E-32,1.,-9.46633086265214E-30));
#2478=DIRECTION('',(-1.,-2.46519032881566E-32,4.04820401020703E-79));
#2479=DIRECTION('',(-2.46519032881566E-32,1.,-5.55111512312576E-17));
#2480=DIRECTION('',(-1.,-2.46519032881566E-32,0.));
#2481=DIRECTION('',(1.,2.46519032881566E-32,-4.04820401020772E-79));
#2482=DIRECTION('center_axis',(-2.33363072919793E-61,9.46633086265214E-30,
1.));
#2483=DIRECTION('ref_axis',(-2.46519032881566E-32,1.,-9.46016788683014E-30));
#2484=DIRECTION('',(2.46519032881566E-32,-1.,9.46633086265214E-30));
#2485=DIRECTION('center_axis',(-2.33363072919793E-61,9.46633086265214E-30,
1.));
#2486=DIRECTION('ref_axis',(-1.,-2.46519032881566E-32,4.04820401020772E-79));
#2487=DIRECTION('',(1.,2.46519032881566E-32,-4.04820401020772E-79));
#2488=DIRECTION('center_axis',(-2.33363072919793E-61,9.46633086265214E-30,
1.));
#2489=DIRECTION('ref_axis',(2.46519032881566E-32,-1.,9.46016788683014E-30));
#2490=DIRECTION('',(2.46519032881566E-32,-1.,9.46633086265214E-30));
#2491=DIRECTION('center_axis',(-2.33363072919793E-61,9.46633086265214E-30,
1.));
#2492=DIRECTION('ref_axis',(1.,2.46519032881566E-32,-4.04820401020772E-79));
#2493=DIRECTION('',(1.,2.46519032881566E-32,-4.04820401020772E-79));
#2494=DIRECTION('center_axis',(-2.33363072919793E-61,9.46633086265214E-30,
1.));
#2495=DIRECTION('ref_axis',(-2.46519032881566E-32,1.,-9.46016788683014E-30));
#2496=DIRECTION('',(2.46519032881566E-32,-1.,9.46633086265214E-30));
#2497=DIRECTION('center_axis',(-2.33363072919793E-61,9.46633086265214E-30,
1.));
#2498=DIRECTION('ref_axis',(-1.,-2.46519032881566E-32,4.04820401020772E-79));
#2499=DIRECTION('',(1.,2.46519032881566E-32,-4.04820401020772E-79));
#2500=DIRECTION('center_axis',(-2.33363072919793E-61,9.46633086265214E-30,
1.));
#2501=DIRECTION('ref_axis',(2.46519032881566E-32,-1.,9.46016788683014E-30));
#2502=DIRECTION('',(2.46519032881566E-32,-1.,9.46633086265214E-30));
#2503=DIRECTION('center_axis',(-2.33363072919793E-61,9.46633086265214E-30,
1.));
#2504=DIRECTION('ref_axis',(1.,2.46519032881566E-32,-4.04820401020772E-79));
#2505=DIRECTION('',(1.,2.46519032881566E-32,-4.04820401020772E-79));
#2506=DIRECTION('center_axis',(-2.33363072919793E-61,9.46633086265214E-30,
1.));
#2507=DIRECTION('ref_axis',(-2.46519032881566E-32,1.,-9.46016788683014E-30));
#2508=DIRECTION('',(2.46519032881566E-32,-1.,9.46633086265214E-30));
#2509=DIRECTION('center_axis',(-2.33363072919793E-61,9.46633086265214E-30,
1.));
#2510=DIRECTION('ref_axis',(-1.,-2.46519032881566E-32,4.04820401020772E-79));
#2511=DIRECTION('',(1.,2.46519032881566E-32,-4.04820401020772E-79));
#2512=DIRECTION('center_axis',(-2.33363072919793E-61,9.46633086265214E-30,
1.));
#2513=DIRECTION('ref_axis',(2.46519032881566E-32,-1.,9.46016788683014E-30));
#2514=DIRECTION('',(2.46519032881566E-32,-1.,9.46633086265214E-30));
#2515=DIRECTION('center_axis',(-2.33363072919793E-61,9.46633086265214E-30,
1.));
#2516=DIRECTION('ref_axis',(1.,2.46519032881566E-32,-4.04820401020772E-79));
#2517=DIRECTION('',(2.46519032881566E-32,-1.,9.46633086265214E-30));
#2518=DIRECTION('center_axis',(-2.33363072919793E-61,9.46633086265214E-30,
1.));
#2519=DIRECTION('ref_axis',(1.,2.46519032881566E-32,-4.04820401020772E-79));
#2520=DIRECTION('',(1.,2.46519032881566E-32,-4.04820401020772E-79));
#2521=DIRECTION('center_axis',(-2.33363072919793E-61,9.46633086265214E-30,
1.));
#2522=DIRECTION('ref_axis',(-2.46519032881566E-32,1.,-9.46016788683014E-30));
#2523=DIRECTION('',(2.46519032881566E-32,-1.,9.46633086265214E-30));
#2524=DIRECTION('center_axis',(-2.33363072919793E-61,9.46633086265214E-30,
1.));
#2525=DIRECTION('ref_axis',(-1.,-2.46519032881566E-32,4.04820401020772E-79));
#2526=DIRECTION('',(1.,2.46519032881566E-32,-4.04820401020772E-79));
#2527=DIRECTION('center_axis',(-2.33363072919793E-61,9.46633086265214E-30,
1.));
#2528=DIRECTION('ref_axis',(2.46519032881566E-32,-1.,9.46016788683014E-30));
#2529=DIRECTION('',(1.,2.46519032881566E-32,-4.04820401020772E-79));
#2530=DIRECTION('center_axis',(-2.33363072919793E-61,9.46633086265214E-30,
1.));
#2531=DIRECTION('ref_axis',(-2.46519032881566E-32,1.,-9.46016788683014E-30));
#2532=DIRECTION('',(2.46519032881566E-32,-1.,9.46633086265214E-30));
#2533=DIRECTION('center_axis',(-2.33363072919793E-61,9.46633086265214E-30,
1.));
#2534=DIRECTION('ref_axis',(-1.,-2.46519032881566E-32,4.04820401020772E-79));
#2535=DIRECTION('',(1.,2.46519032881566E-32,-4.04820401020772E-79));
#2536=DIRECTION('center_axis',(-2.33363072919793E-61,9.46633086265214E-30,
1.));
#2537=DIRECTION('ref_axis',(2.46519032881566E-32,-1.,9.46016788683014E-30));
#2538=DIRECTION('',(2.46519032881566E-32,-1.,9.46633086265214E-30));
#2539=DIRECTION('center_axis',(-2.33363072919793E-61,9.46633086265214E-30,
1.));
#2540=DIRECTION('ref_axis',(1.,2.46519032881566E-32,-4.04820401020772E-79));
#2541=DIRECTION('',(1.,2.46519032881566E-32,-4.04820401020772E-79));
#2542=DIRECTION('center_axis',(-2.33363072919793E-61,9.46633086265214E-30,
1.));
#2543=DIRECTION('ref_axis',(-2.46519032881566E-32,1.,-9.46016788683014E-30));
#2544=DIRECTION('',(2.46519032881566E-32,-1.,9.46633086265214E-30));
#2545=DIRECTION('center_axis',(-2.33363072919793E-61,9.46633086265214E-30,
1.));
#2546=DIRECTION('ref_axis',(-1.,-2.46519032881566E-32,4.04820401020772E-79));
#2547=DIRECTION('',(1.,2.46519032881566E-32,-4.04820401020772E-79));
#2548=DIRECTION('center_axis',(-2.33363072919793E-61,9.46633086265214E-30,
1.));
#2549=DIRECTION('ref_axis',(2.46519032881566E-32,-1.,9.46016788683014E-30));
#2550=DIRECTION('',(1.70803542250024E-16,-1.,9.46633086265214E-30));
#2551=DIRECTION('center_axis',(-2.33363072919793E-61,9.46633086265214E-30,
1.));
#2552=DIRECTION('ref_axis',(1.,2.46519032881566E-32,-4.04820401020772E-79));
#2553=DIRECTION('',(1.,2.46519032881566E-32,-4.04820401020772E-79));
#2554=DIRECTION('center_axis',(-2.33363072919793E-61,9.46633086265214E-30,
1.));
#2555=DIRECTION('ref_axis',(-2.46519032881566E-32,1.,-9.4601678868301E-30));
#2556=DIRECTION('',(2.46519032881566E-32,-1.,9.46633086265214E-30));
#2557=DIRECTION('center_axis',(-2.33363072919793E-61,9.46633086265214E-30,
1.));
#2558=DIRECTION('ref_axis',(-1.,-2.46519032881566E-32,4.04820401020772E-79));
#2559=DIRECTION('',(1.,2.46519032881566E-32,-4.04820401020772E-79));
#2560=DIRECTION('center_axis',(-2.33363072919793E-61,9.46633086265214E-30,
1.));
#2561=DIRECTION('ref_axis',(2.46519032881566E-32,-1.,9.46016788683009E-30));
#2562=DIRECTION('',(2.46519032881566E-32,-1.,9.46633086265214E-30));
#2563=DIRECTION('center_axis',(-2.33363072919793E-61,9.46633086265214E-30,
1.));
#2564=DIRECTION('ref_axis',(1.,2.46519032881566E-32,-4.04820401020772E-79));
#2565=DIRECTION('',(1.,2.46519032881566E-32,-4.04820401020772E-79));
#2566=DIRECTION('center_axis',(-2.33363072919793E-61,9.46633086265214E-30,
1.));
#2567=DIRECTION('ref_axis',(-2.46519032881566E-32,1.,-9.4601678868301E-30));
#2568=DIRECTION('',(2.46519032881566E-32,-1.,9.46633086265214E-30));
#2569=DIRECTION('center_axis',(-2.33363072919793E-61,9.46633086265214E-30,
1.));
#2570=DIRECTION('ref_axis',(-1.,-2.46519032881566E-32,4.04820401020772E-79));
#2571=DIRECTION('',(1.,-1.70803542250024E-16,1.61614598278087E-45));
#2572=DIRECTION('center_axis',(-2.33363072919793E-61,9.46633086265214E-30,
1.));
#2573=DIRECTION('ref_axis',(2.46519032881566E-32,-1.,9.46016788683009E-30));
#2574=DIRECTION('',(2.46519032881566E-32,-1.,9.46633086265214E-30));
#2575=DIRECTION('center_axis',(-2.33363072919793E-61,9.46633086265214E-30,
1.));
#2576=DIRECTION('ref_axis',(1.,2.46519032881566E-32,-4.04820401020772E-79));
#2577=DIRECTION('',(1.,2.46519032881566E-32,-4.04820401020772E-79));
#2578=DIRECTION('center_axis',(-2.33363072919793E-61,9.46633086265214E-30,
1.));
#2579=DIRECTION('ref_axis',(-2.46519032881566E-32,1.,-9.4601678868301E-30));
#2580=DIRECTION('',(2.46519032881566E-32,-1.,9.46633086265214E-30));
#2581=DIRECTION('center_axis',(-2.33363072919793E-61,9.46633086265214E-30,
1.));
#2582=DIRECTION('ref_axis',(-1.,-2.46519032881566E-32,4.04820401020772E-79));
#2583=DIRECTION('',(1.,2.46519032881566E-32,-4.04820401020772E-79));
#2584=DIRECTION('center_axis',(-2.33363072919793E-61,9.46633086265214E-30,
1.));
#2585=DIRECTION('ref_axis',(2.46519032881566E-32,-1.,9.46016788683009E-30));
#2586=DIRECTION('',(2.46519032881566E-32,-1.,9.46633086265214E-30));
#2587=DIRECTION('center_axis',(-2.33363072919793E-61,9.46633086265214E-30,
1.));
#2588=DIRECTION('ref_axis',(1.,2.46519032881566E-32,-4.04820401020772E-79));
#2589=DIRECTION('',(-1.,2.88656804064271E-17,-2.73252081302814E-46));
#2590=DIRECTION('',(2.98889277206156E-16,-1.,9.46633086265214E-30));
#2591=DIRECTION('',(1.,2.46519032881566E-32,2.06458651602985E-77));
#2592=DIRECTION('',(-2.46519032881566E-32,1.,-9.46633086265214E-30));
#2593=DIRECTION('center_axis',(-2.46519032881566E-32,1.,0.));
#2594=DIRECTION('ref_axis',(0.,0.,1.));
#2595=DIRECTION('',(0.,0.,1.));
#2596=DIRECTION('',(0.,0.,1.));
#2597=DIRECTION('center_axis',(2.46519032881566E-32,-1.,0.));
#2598=DIRECTION('ref_axis',(-0.707106781186547,-1.74315279842105E-32,0.707106781186547));
#2599=DIRECTION('center_axis',(2.46519032881566E-32,-1.,0.));
#2600=DIRECTION('ref_axis',(0.,0.,-1.));
#2601=DIRECTION('',(0.,0.,-1.));
#2602=DIRECTION('center_axis',(-2.46519032881566E-32,1.,0.));
#2603=DIRECTION('ref_axis',(-0.707106781186547,-1.74315279842105E-32,0.707106781186547));
#2604=DIRECTION('',(0.,0.,-1.));
#2605=DIRECTION('center_axis',(1.,2.46519032881566E-32,0.));
#2606=DIRECTION('ref_axis',(-2.46519032881566E-32,1.,-5.55111512312576E-17));
#2607=DIRECTION('center_axis',(-1.,-2.46519032881566E-32,0.));
#2608=DIRECTION('ref_axis',(2.46519032881566E-32,-1.,5.55111512312576E-17));
#2609=DIRECTION('',(2.46519032881566E-32,-1.,9.46633086265214E-30));
#2610=DIRECTION('',(-1.3684555315672E-48,5.55111512312576E-17,1.));
#2611=DIRECTION('center_axis',(-1.,-2.46519032881566E-32,0.));
#2612=DIRECTION('ref_axis',(2.46519032881566E-32,-1.,5.55111512312576E-17));
#2613=DIRECTION('',(1.3684555315672E-48,-5.55111512312576E-17,-1.));
#2614=DIRECTION('',(2.46519032881566E-32,-1.,9.46633086265214E-30));
#2615=DIRECTION('center_axis',(2.46519032881566E-32,-1.,9.46633086265214E-30));
#2616=DIRECTION('ref_axis',(-0.707106781186547,-1.74315279842105E-32,0.707106781186547));
#2617=DIRECTION('center_axis',(-0.707106781186548,0.707106781186548,0.));
#2618=DIRECTION('ref_axis',(0.707106781186547,0.707106781186547,-1.33874134918737E-29));
#2619=DIRECTION('center_axis',(-0.707106781186547,-0.707106781186548,-1.25607396694702E-15));
#2620=DIRECTION('ref_axis',(-0.707106781186548,0.707106781186547,-1.25607396694704E-15));
#2621=DIRECTION('center_axis',(-2.46519032881566E-32,1.,-9.46633086265214E-30));
#2622=DIRECTION('ref_axis',(0.707106781186547,1.74315279842105E-32,0.707106781186547));
#2623=DIRECTION('center_axis',(0.707106781186548,-0.707106781186548,0.));
#2624=DIRECTION('ref_axis',(-0.707106781186547,-0.707106781186547,1.33874134918737E-29));
#2625=DIRECTION('center_axis',(0.707106781186548,0.707106781186548,0.));
#2626=DIRECTION('ref_axis',(0.707106781186547,-0.707106781186547,1.33874134918737E-29));
#2627=DIRECTION('center_axis',(-1.,-2.46519032881566E-32,4.04820401020703E-79));
#2628=DIRECTION('ref_axis',(1.74315279842105E-32,-0.707106781186547,0.707106781186547));
#2629=DIRECTION('',(1.,2.46519032881566E-32,-4.04820401020703E-79));
#2630=DIRECTION('center_axis',(1.,2.46519032881566E-32,-4.04820401020703E-79));
#2631=DIRECTION('ref_axis',(-1.74315279842105E-32,0.707106781186547,0.707106781186547));
#2632=DIRECTION('',(-1.,-2.46519032881566E-32,4.04820401020703E-79));
#2633=DIRECTION('center_axis',(-2.46519032881566E-32,1.,-5.55111512312576E-17));
#2634=DIRECTION('ref_axis',(-1.,-2.46519032881566E-32,0.));
#2635=DIRECTION('center_axis',(2.46519032881566E-32,-1.,5.55111512312576E-17));
#2636=DIRECTION('ref_axis',(1.,2.46519032881566E-32,-4.04820401020772E-79));
#2637=DIRECTION('',(-1.3684555315672E-48,5.55111512312576E-17,1.));
#2638=DIRECTION('',(-1.3684555315672E-48,5.55111512312576E-17,1.));
#2639=DIRECTION('center_axis',(-1.3684555315672E-48,5.55111512312576E-17,
1.));
#2640=DIRECTION('ref_axis',(1.,2.46519032881566E-32,-4.04820401020749E-79));
#2641=DIRECTION('',(-1.3684555315672E-48,5.55111512312576E-17,1.));
#2642=DIRECTION('center_axis',(-1.,-2.46519032881566E-32,4.04820401020749E-79));
#2643=DIRECTION('ref_axis',(2.46519032881566E-32,-1.,9.46633086265214E-30));
#2644=DIRECTION('',(-1.3684555315672E-48,5.55111512312576E-17,1.));
#2645=DIRECTION('center_axis',(-1.3684555315672E-48,5.55111512312576E-17,
1.));
#2646=DIRECTION('ref_axis',(2.46519032881566E-32,-1.,5.55111512312576E-17));
#2647=DIRECTION('',(-1.3684555315672E-48,5.55111512312576E-17,1.));
#2648=DIRECTION('center_axis',(-2.46519032881566E-32,1.,-5.55111512312576E-17));
#2649=DIRECTION('ref_axis',(-1.,-2.46519032881566E-32,4.04820401020772E-79));
#2650=DIRECTION('',(-1.3684555315672E-48,5.55111512312576E-17,1.));
#2651=DIRECTION('center_axis',(-1.3684555315672E-48,5.55111512312576E-17,
1.));
#2652=DIRECTION('ref_axis',(-1.,-2.46519032881566E-32,4.04820401020749E-79));
#2653=DIRECTION('',(-1.3684555315672E-48,5.55111512312576E-17,1.));
#2654=DIRECTION('center_axis',(1.,2.46519032881566E-32,-4.04820401020749E-79));
#2655=DIRECTION('ref_axis',(-2.46519032881566E-32,1.,-9.46633086265214E-30));
#2656=DIRECTION('',(-1.3684555315672E-48,5.55111512312576E-17,1.));
#2657=DIRECTION('center_axis',(-1.3684555315672E-48,5.55111512312576E-17,
1.));
#2658=DIRECTION('ref_axis',(-2.46519032881566E-32,1.,-5.55111512312576E-17));
#2659=DIRECTION('center_axis',(2.46519032881566E-32,-1.,5.55111512312576E-17));
#2660=DIRECTION('ref_axis',(1.,2.46519032881566E-32,-4.04820401020772E-79));
#2661=DIRECTION('',(-1.3684555315672E-48,5.55111512312576E-17,1.));
#2662=DIRECTION('',(-1.3684555315672E-48,5.55111512312576E-17,1.));
#2663=DIRECTION('center_axis',(-1.3684555315672E-48,5.55111512312576E-17,
1.));
#2664=DIRECTION('ref_axis',(1.,2.46519032881566E-32,-4.04820401020749E-79));
#2665=DIRECTION('',(-1.3684555315672E-48,5.55111512312576E-17,1.));
#2666=DIRECTION('center_axis',(-1.,-2.46519032881566E-32,4.04820401020749E-79));
#2667=DIRECTION('ref_axis',(2.46519032881566E-32,-1.,9.46633086265214E-30));
#2668=DIRECTION('',(-1.3684555315672E-48,5.55111512312576E-17,1.));
#2669=DIRECTION('center_axis',(-1.3684555315672E-48,5.55111512312576E-17,
1.));
#2670=DIRECTION('ref_axis',(2.46519032881566E-32,-1.,5.55111512312576E-17));
#2671=DIRECTION('',(-1.3684555315672E-48,5.55111512312576E-17,1.));
#2672=DIRECTION('center_axis',(1.70803542250024E-16,1.,-5.55111512312576E-17));
#2673=DIRECTION('ref_axis',(-1.,1.70803542250024E-16,-1.61614598278087E-45));
#2674=DIRECTION('',(-1.3684555315672E-48,5.55111512312576E-17,1.));
#2675=DIRECTION('center_axis',(-1.3684555315672E-48,5.55111512312576E-17,
1.));
#2676=DIRECTION('ref_axis',(-1.,-2.46519032881566E-32,4.04820401020749E-79));
#2677=DIRECTION('',(-1.3684555315672E-48,5.55111512312576E-17,1.));
#2678=DIRECTION('center_axis',(1.,2.46519032881566E-32,-4.04820401020749E-79));
#2679=DIRECTION('ref_axis',(-2.46519032881566E-32,1.,-9.46633086265214E-30));
#2680=DIRECTION('',(-1.3684555315672E-48,5.55111512312576E-17,1.));
#2681=DIRECTION('center_axis',(-1.3684555315672E-48,5.55111512312576E-17,
1.));
#2682=DIRECTION('ref_axis',(-2.46519032881566E-32,1.,-5.55111512312576E-17));
#2683=DIRECTION('center_axis',(2.46519032881566E-32,-1.,5.55111512312576E-17));
#2684=DIRECTION('ref_axis',(1.,2.46519032881566E-32,-4.04820401020772E-79));
#2685=DIRECTION('',(-1.3684555315672E-48,5.55111512312576E-17,1.));
#2686=DIRECTION('',(-1.3684555315672E-48,5.55111512312576E-17,1.));
#2687=DIRECTION('center_axis',(-1.3684555315672E-48,5.55111512312576E-17,
1.));
#2688=DIRECTION('ref_axis',(1.,2.46519032881566E-32,-4.04820401020749E-79));
#2689=DIRECTION('',(-1.3684555315672E-48,5.55111512312576E-17,1.));
#2690=DIRECTION('center_axis',(-1.,-2.46519032881566E-32,4.04820401020749E-79));
#2691=DIRECTION('ref_axis',(2.46519032881566E-32,-1.,9.46633086265214E-30));
#2692=DIRECTION('',(-1.3684555315672E-48,5.55111512312576E-17,1.));
#2693=DIRECTION('center_axis',(-1.3684555315672E-48,5.55111512312576E-17,
1.));
#2694=DIRECTION('ref_axis',(2.46519032881566E-32,-1.,5.55111512312576E-17));
#2695=DIRECTION('',(-1.3684555315672E-48,5.55111512312576E-17,1.));
#2696=DIRECTION('center_axis',(-2.46519032881566E-32,1.,-5.55111512312576E-17));
#2697=DIRECTION('ref_axis',(-1.,-2.46519032881566E-32,4.04820401020772E-79));
#2698=DIRECTION('',(-1.3684555315672E-48,5.55111512312576E-17,1.));
#2699=DIRECTION('center_axis',(-1.3684555315672E-48,5.55111512312576E-17,
1.));
#2700=DIRECTION('ref_axis',(-1.,-2.46519032881566E-32,4.04820401020749E-79));
#2701=DIRECTION('',(-1.3684555315672E-48,5.55111512312576E-17,1.));
#2702=DIRECTION('center_axis',(1.,2.46519032881566E-32,-4.04820401020749E-79));
#2703=DIRECTION('ref_axis',(-2.46519032881566E-32,1.,-9.46633086265214E-30));
#2704=DIRECTION('',(-1.3684555315672E-48,5.55111512312576E-17,1.));
#2705=DIRECTION('center_axis',(-1.3684555315672E-48,5.55111512312576E-17,
1.));
#2706=DIRECTION('ref_axis',(-2.46519032881566E-32,1.,-5.55111512312576E-17));
#2707=DIRECTION('center_axis',(2.46519032881566E-32,-1.,5.55111512312576E-17));
#2708=DIRECTION('ref_axis',(1.,2.46519032881566E-32,-4.04820401020772E-79));
#2709=DIRECTION('',(-1.3684555315672E-48,5.55111512312576E-17,1.));
#2710=DIRECTION('',(-1.3684555315672E-48,5.55111512312576E-17,1.));
#2711=DIRECTION('center_axis',(-1.3684555315672E-48,5.55111512312576E-17,
1.));
#2712=DIRECTION('ref_axis',(1.,2.46519032881566E-32,-4.04820401020749E-79));
#2713=DIRECTION('',(-1.3684555315672E-48,5.55111512312576E-17,1.));
#2714=DIRECTION('center_axis',(-1.,-1.70803542250024E-16,9.48150126467559E-33));
#2715=DIRECTION('ref_axis',(1.70803542250024E-16,-1.,9.46633086265214E-30));
#2716=DIRECTION('',(-1.3684555315672E-48,5.55111512312576E-17,1.));
#2717=DIRECTION('center_axis',(-1.3684555315672E-48,5.55111512312576E-17,
1.));
#2718=DIRECTION('ref_axis',(2.46519032881566E-32,-1.,5.55111512312576E-17));
#2719=DIRECTION('',(-1.3684555315672E-48,5.55111512312576E-17,1.));
#2720=DIRECTION('center_axis',(-2.46519032881566E-32,1.,-5.55111512312576E-17));
#2721=DIRECTION('ref_axis',(-1.,-2.46519032881566E-32,4.04820401020772E-79));
#2722=DIRECTION('',(-1.3684555315672E-48,5.55111512312576E-17,1.));
#2723=DIRECTION('center_axis',(-1.3684555315672E-48,5.55111512312576E-17,
1.));
#2724=DIRECTION('ref_axis',(-1.,-2.46519032881566E-32,4.04820401020749E-79));
#2725=DIRECTION('',(-1.3684555315672E-48,5.55111512312576E-17,1.));
#2726=DIRECTION('center_axis',(1.,2.46519032881566E-32,-4.04820401020749E-79));
#2727=DIRECTION('ref_axis',(-2.46519032881566E-32,1.,-9.46633086265214E-30));
#2728=DIRECTION('',(-1.3684555315672E-48,5.55111512312576E-17,1.));
#2729=DIRECTION('center_axis',(-1.3684555315672E-48,5.55111512312576E-17,
1.));
#2730=DIRECTION('ref_axis',(-2.46519032881566E-32,1.,-5.55111512312576E-17));
#2731=DIRECTION('center_axis',(2.46519032881566E-32,-1.,5.55111512312576E-17));
#2732=DIRECTION('ref_axis',(1.,2.46519032881566E-32,-4.04820401020772E-79));
#2733=DIRECTION('',(-1.3684555315672E-48,5.55111512312576E-17,1.));
#2734=DIRECTION('',(-1.3684555315672E-48,5.55111512312576E-17,1.));
#2735=DIRECTION('center_axis',(-1.3684555315672E-48,5.55111512312576E-17,
1.));
#2736=DIRECTION('ref_axis',(1.,2.46519032881566E-32,-4.04820401020749E-79));
#2737=DIRECTION('',(-1.3684555315672E-48,5.55111512312576E-17,1.));
#2738=DIRECTION('center_axis',(-1.,-2.46519032881566E-32,4.04820401020749E-79));
#2739=DIRECTION('ref_axis',(2.46519032881566E-32,-1.,9.46633086265214E-30));
#2740=DIRECTION('',(-1.3684555315672E-48,5.55111512312576E-17,1.));
#2741=DIRECTION('center_axis',(-1.3684555315672E-48,5.55111512312576E-17,
1.));
#2742=DIRECTION('ref_axis',(2.46519032881566E-32,-1.,5.55111512312576E-17));
#2743=DIRECTION('',(-1.3684555315672E-48,5.55111512312576E-17,1.));
#2744=DIRECTION('center_axis',(-2.46519032881566E-32,1.,-5.55111512312576E-17));
#2745=DIRECTION('ref_axis',(-1.,-2.46519032881566E-32,4.04820401020772E-79));
#2746=DIRECTION('',(-1.3684555315672E-48,5.55111512312576E-17,1.));
#2747=DIRECTION('center_axis',(-1.3684555315672E-48,5.55111512312576E-17,
1.));
#2748=DIRECTION('ref_axis',(-1.,-2.46519032881566E-32,4.04820401020749E-79));
#2749=DIRECTION('',(-1.3684555315672E-48,5.55111512312576E-17,1.));
#2750=DIRECTION('center_axis',(1.,2.46519032881566E-32,-4.04820401020749E-79));
#2751=DIRECTION('ref_axis',(-2.46519032881566E-32,1.,-9.46633086265214E-30));
#2752=DIRECTION('',(-1.3684555315672E-48,5.55111512312576E-17,1.));
#2753=DIRECTION('center_axis',(-1.3684555315672E-48,5.55111512312576E-17,
1.));
#2754=DIRECTION('ref_axis',(-2.46519032881566E-32,1.,-5.55111512312576E-17));
#2755=DIRECTION('center_axis',(-1.,-2.46519032881566E-32,4.04820401020749E-79));
#2756=DIRECTION('ref_axis',(2.46519032881566E-32,-1.,9.46633086265214E-30));
#2757=DIRECTION('',(-1.3684555315672E-48,5.55111512312576E-17,1.));
#2758=DIRECTION('',(-1.3684555315672E-48,5.55111512312576E-17,1.));
#2759=DIRECTION('center_axis',(-1.3684555315672E-48,5.55111512312576E-17,
1.));
#2760=DIRECTION('ref_axis',(2.46519032881566E-32,-1.,5.55111512312576E-17));
#2761=DIRECTION('',(-1.3684555315672E-48,5.55111512312576E-17,1.));
#2762=DIRECTION('center_axis',(-2.46519032881566E-32,1.,-5.55111512312576E-17));
#2763=DIRECTION('ref_axis',(-1.,-2.46519032881566E-32,4.04820401020772E-79));
#2764=DIRECTION('',(-1.3684555315672E-48,5.55111512312576E-17,1.));
#2765=DIRECTION('center_axis',(-1.3684555315672E-48,5.55111512312576E-17,
1.));
#2766=DIRECTION('ref_axis',(-1.,-2.46519032881566E-32,4.04820401020749E-79));
#2767=DIRECTION('',(-1.3684555315672E-48,5.55111512312576E-17,1.));
#2768=DIRECTION('center_axis',(1.,2.46519032881566E-32,-4.04820401020749E-79));
#2769=DIRECTION('ref_axis',(-2.46519032881566E-32,1.,-9.46633086265214E-30));
#2770=DIRECTION('',(-1.3684555315672E-48,5.55111512312576E-17,1.));
#2771=DIRECTION('center_axis',(-1.3684555315672E-48,5.55111512312576E-17,
1.));
#2772=DIRECTION('ref_axis',(-2.46519032881566E-32,1.,-5.55111512312576E-17));
#2773=DIRECTION('',(-1.3684555315672E-48,5.55111512312576E-17,1.));
#2774=DIRECTION('center_axis',(2.46519032881566E-32,-1.,5.55111512312576E-17));
#2775=DIRECTION('ref_axis',(1.,2.46519032881566E-32,-4.04820401020772E-79));
#2776=DIRECTION('',(-1.3684555315672E-48,5.55111512312576E-17,1.));
#2777=DIRECTION('center_axis',(-1.3684555315672E-48,5.55111512312576E-17,
1.));
#2778=DIRECTION('ref_axis',(1.,2.46519032881566E-32,-4.04820401020749E-79));
#2779=DIRECTION('center_axis',(2.46519032881566E-32,-1.,5.55111512312576E-17));
#2780=DIRECTION('ref_axis',(1.,2.46519032881566E-32,-4.04820401020772E-79));
#2781=DIRECTION('',(-1.3684555315672E-48,5.55111512312576E-17,1.));
#2782=DIRECTION('',(-1.3684555315672E-48,5.55111512312576E-17,1.));
#2783=DIRECTION('center_axis',(-1.3684555315672E-48,5.55111512312576E-17,
1.));
#2784=DIRECTION('ref_axis',(1.,2.46519032881566E-32,-4.04820401020749E-79));
#2785=DIRECTION('',(-1.3684555315672E-48,5.55111512312576E-17,1.));
#2786=DIRECTION('center_axis',(-1.,-2.46519032881566E-32,4.04820401020749E-79));
#2787=DIRECTION('ref_axis',(2.46519032881566E-32,-1.,9.46633086265214E-30));
#2788=DIRECTION('',(-1.3684555315672E-48,5.55111512312576E-17,1.));
#2789=DIRECTION('center_axis',(-1.3684555315672E-48,5.55111512312576E-17,
1.));
#2790=DIRECTION('ref_axis',(2.46519032881566E-32,-1.,5.55111512312576E-17));
#2791=DIRECTION('',(-1.3684555315672E-48,5.55111512312576E-17,1.));
#2792=DIRECTION('center_axis',(-2.46519032881566E-32,1.,-5.55111512312576E-17));
#2793=DIRECTION('ref_axis',(-1.,-2.46519032881566E-32,4.04820401020772E-79));
#2794=DIRECTION('',(-1.3684555315672E-48,5.55111512312576E-17,1.));
#2795=DIRECTION('center_axis',(-1.3684555315672E-48,5.55111512312576E-17,
1.));
#2796=DIRECTION('ref_axis',(-1.,-2.46519032881566E-32,4.04820401020749E-79));
#2797=DIRECTION('',(-1.3684555315672E-48,5.55111512312576E-17,1.));
#2798=DIRECTION('center_axis',(1.,2.46519032881566E-32,-4.04820401020749E-79));
#2799=DIRECTION('ref_axis',(-2.46519032881566E-32,1.,-9.46633086265214E-30));
#2800=DIRECTION('',(-1.3684555315672E-48,5.55111512312576E-17,1.));
#2801=DIRECTION('center_axis',(-1.3684555315672E-48,5.55111512312576E-17,
1.));
#2802=DIRECTION('ref_axis',(-2.46519032881566E-32,1.,-5.55111512312576E-17));
#2803=DIRECTION('center_axis',(2.46519032881566E-32,-1.,5.55111512312576E-17));
#2804=DIRECTION('ref_axis',(1.,2.46519032881566E-32,-4.04820401020772E-79));
#2805=DIRECTION('',(-1.3684555315672E-48,5.55111512312576E-17,1.));
#2806=DIRECTION('',(-1.3684555315672E-48,5.55111512312576E-17,1.));
#2807=DIRECTION('center_axis',(-1.3684555315672E-48,5.55111512312576E-17,
1.));
#2808=DIRECTION('ref_axis',(1.,2.46519032881566E-32,-4.04820401020749E-79));
#2809=DIRECTION('',(-1.3684555315672E-48,5.55111512312576E-17,1.));
#2810=DIRECTION('center_axis',(-1.,-2.46519032881566E-32,4.04820401020749E-79));
#2811=DIRECTION('ref_axis',(2.46519032881566E-32,-1.,9.46633086265214E-30));
#2812=DIRECTION('',(-1.3684555315672E-48,5.55111512312576E-17,1.));
#2813=DIRECTION('center_axis',(-1.3684555315672E-48,5.55111512312576E-17,
1.));
#2814=DIRECTION('ref_axis',(2.46519032881566E-32,-1.,5.55111512312576E-17));
#2815=DIRECTION('',(-1.3684555315672E-48,5.55111512312576E-17,1.));
#2816=DIRECTION('center_axis',(-2.46519032881566E-32,1.,-5.55111512312576E-17));
#2817=DIRECTION('ref_axis',(-1.,-2.46519032881566E-32,4.04820401020772E-79));
#2818=DIRECTION('',(-1.3684555315672E-48,5.55111512312576E-17,1.));
#2819=DIRECTION('center_axis',(-1.3684555315672E-48,5.55111512312576E-17,
1.));
#2820=DIRECTION('ref_axis',(-1.,-2.46519032881566E-32,4.04820401020749E-79));
#2821=DIRECTION('',(-1.3684555315672E-48,5.55111512312576E-17,1.));
#2822=DIRECTION('center_axis',(1.,2.46519032881566E-32,-4.04820401020749E-79));
#2823=DIRECTION('ref_axis',(-2.46519032881566E-32,1.,-9.46633086265214E-30));
#2824=DIRECTION('',(-1.3684555315672E-48,5.55111512312576E-17,1.));
#2825=DIRECTION('center_axis',(-1.3684555315672E-48,5.55111512312576E-17,
1.));
#2826=DIRECTION('ref_axis',(-2.46519032881566E-32,1.,-5.55111512312576E-17));
#2827=DIRECTION('center_axis',(2.46519032881566E-32,-1.,5.55111512312576E-17));
#2828=DIRECTION('ref_axis',(1.,2.46519032881566E-32,-4.04820401020772E-79));
#2829=DIRECTION('',(-1.3684555315672E-48,5.55111512312576E-17,1.));
#2830=DIRECTION('',(-1.3684555315672E-48,5.55111512312576E-17,1.));
#2831=DIRECTION('center_axis',(-1.3684555315672E-48,5.55111512312576E-17,
1.));
#2832=DIRECTION('ref_axis',(1.,2.46519032881566E-32,-4.04820401020749E-79));
#2833=DIRECTION('',(-1.3684555315672E-48,5.55111512312576E-17,1.));
#2834=DIRECTION('center_axis',(-1.,-2.46519032881566E-32,4.04820401020749E-79));
#2835=DIRECTION('ref_axis',(2.46519032881566E-32,-1.,9.46633086265214E-30));
#2836=DIRECTION('',(-1.3684555315672E-48,5.55111512312576E-17,1.));
#2837=DIRECTION('center_axis',(-1.3684555315672E-48,5.55111512312576E-17,
1.));
#2838=DIRECTION('ref_axis',(2.46519032881566E-32,-1.,5.55111512312576E-17));
#2839=DIRECTION('',(-1.3684555315672E-48,5.55111512312576E-17,1.));
#2840=DIRECTION('center_axis',(-2.46519032881566E-32,1.,-5.55111512312576E-17));
#2841=DIRECTION('ref_axis',(-1.,-2.46519032881566E-32,4.04820401020772E-79));
#2842=DIRECTION('',(-1.3684555315672E-48,5.55111512312576E-17,1.));
#2843=DIRECTION('center_axis',(-1.3684555315672E-48,5.55111512312576E-17,
1.));
#2844=DIRECTION('ref_axis',(-1.,-2.46519032881566E-32,4.04820401020749E-79));
#2845=DIRECTION('',(-1.3684555315672E-48,5.55111512312576E-17,1.));
#2846=DIRECTION('center_axis',(1.,2.46519032881566E-32,-4.04820401020749E-79));
#2847=DIRECTION('ref_axis',(-2.46519032881566E-32,1.,-9.46633086265214E-30));
#2848=DIRECTION('',(-1.3684555315672E-48,5.55111512312576E-17,1.));
#2849=DIRECTION('center_axis',(-1.3684555315672E-48,5.55111512312576E-17,
1.));
#2850=DIRECTION('ref_axis',(-2.46519032881566E-32,1.,-5.55111512312576E-17));
#2851=DIRECTION('center_axis',(2.46519032881566E-32,-1.,5.55111512312576E-17));
#2852=DIRECTION('ref_axis',(1.,2.46519032881566E-32,0.));
#2853=DIRECTION('center_axis',(1.,2.46519032881566E-32,1.23442525585742E-64));
#2854=DIRECTION('ref_axis',(2.46519032881566E-32,-1.,2.35922604491076E-16));
#2855=DIRECTION('',(1.3684555315672E-48,-5.55111512312576E-17,-1.));
#2856=DIRECTION('',(1.3684555315672E-48,-5.55111512312576E-17,-1.));
#2857=DIRECTION('center_axis',(2.88656804064271E-17,1.,-5.55111512312576E-17));
#2858=DIRECTION('ref_axis',(1.,-2.88656804064271E-17,6.81006650189131E-33));
#2859=DIRECTION('',(1.3684555315672E-48,-5.55111512312576E-17,-1.));
#2860=DIRECTION('center_axis',(-1.,-2.98889277206156E-16,1.65916878683922E-32));
#2861=DIRECTION('ref_axis',(-2.98889277206156E-16,1.,-2.35922604491076E-16));
#2862=DIRECTION('',(1.3684555315672E-48,-5.55111512312576E-17,-1.));
#2863=DIRECTION('center_axis',(2.46519032881566E-32,-1.,5.55111512312576E-17));
#2864=DIRECTION('ref_axis',(-1.,-2.46519032881566E-32,-1.23442525585728E-64));
#2865=CARTESIAN_POINT('',(0.,0.,0.));
#2866=CARTESIAN_POINT('Origin',(29.3253540620397,-19.8257991778628,14.0000000000001));
#2867=CARTESIAN_POINT('',(69.65,29.5000000000008,14.0000000000001));
#2868=CARTESIAN_POINT('',(69.65,-69.1499999999992,14.0000000000001));
#2869=CARTESIAN_POINT('',(69.65,-43.3624999999995,14.0000000000001));
#2870=CARTESIAN_POINT('',(-11.,29.5000000000008,14.0000000000001));
#2871=CARTESIAN_POINT('',(43.3625,29.5000000000008,14.0000000000001));
#2872=CARTESIAN_POINT('',(-11.,-69.1499999999992,14.0000000000001));
#2873=CARTESIAN_POINT('',(-11.,-14.7874999999996,14.0000000000001));
#2874=CARTESIAN_POINT('',(14.7875,-69.1499999999992,14.0000000000001));
#2875=CARTESIAN_POINT('',(65.4398347218432,-66.5043458351903,14.0000000000001));
#2876=CARTESIAN_POINT('Origin',(66.8898347218432,-66.5043458351903,14.0000000000001));
#2877=CARTESIAN_POINT('',(65.4758449721644,26.9324854524079,14.0000000000001));
#2878=CARTESIAN_POINT('Origin',(66.9258449721644,26.9324854524079,14.0000000000001));
#2879=CARTESIAN_POINT('',(8.0206,16.4023411382535,14.0000000000001));
#2880=CARTESIAN_POINT('',(34.2842,16.4023411382535,14.0000000000001));
#2881=CARTESIAN_POINT('',(18.5478,16.4023411382535,14.0000000000001));
#2882=CARTESIAN_POINT('',(34.2842,4.79454113825351,14.0000000000001));
#2883=CARTESIAN_POINT('',(34.2842,-6.33632943087308,14.0000000000001));
#2884=CARTESIAN_POINT('',(8.02060000000001,4.79454113825351,14.0000000000001));
#2885=CARTESIAN_POINT('',(31.6796,4.79454113825351,14.0000000000001));
#2886=CARTESIAN_POINT('',(8.02060000000001,-12.1402294308731,14.0000000000001));
#2887=CARTESIAN_POINT('',(3.525,-3.02499999999968,14.0000000000001));
#2888=CARTESIAN_POINT('',(16.525,-3.02499999999968,14.0000000000001));
#2889=CARTESIAN_POINT('',(3.525,-3.02499999999968,14.0000000000001));
#2890=CARTESIAN_POINT('',(17.025,-3.52499999999968,14.0000000000001));
#2891=CARTESIAN_POINT('Origin',(16.525,-3.52499999999968,14.0000000000001));
#2892=CARTESIAN_POINT('',(17.025,-16.5249999999997,14.0000000000001));
#2893=CARTESIAN_POINT('',(17.025,-3.52499999999968,14.0000000000001));
#2894=CARTESIAN_POINT('',(16.525,-17.0249999999997,14.0000000000001));
#2895=CARTESIAN_POINT('Origin',(16.525,-16.5249999999997,14.0000000000001));
#2896=CARTESIAN_POINT('',(3.525,-17.0249999999997,14.0000000000001));
#2897=CARTESIAN_POINT('',(3.525,-17.0249999999997,14.0000000000001));
#2898=CARTESIAN_POINT('',(3.025,-16.5249999999997,14.0000000000001));
#2899=CARTESIAN_POINT('Origin',(3.525,-16.5249999999997,14.0000000000001));
#2900=CARTESIAN_POINT('',(3.025,-3.52499999999968,14.0000000000001));
#2901=CARTESIAN_POINT('',(3.025,-3.52499999999968,14.0000000000001));
#2902=CARTESIAN_POINT('Origin',(3.525,-3.52499999999968,14.0000000000001));
#2903=CARTESIAN_POINT('',(22.575,-3.02499999999968,14.0000000000001));
#2904=CARTESIAN_POINT('',(35.575,-3.02499999999968,14.0000000000001));
#2905=CARTESIAN_POINT('',(22.575,-3.02499999999968,14.0000000000001));
#2906=CARTESIAN_POINT('',(36.075,-3.52499999999968,14.0000000000001));
#2907=CARTESIAN_POINT('Origin',(35.575,-3.52499999999968,14.0000000000001));
#2908=CARTESIAN_POINT('',(36.075,-16.5249999999997,14.0000000000001));
#2909=CARTESIAN_POINT('',(36.075,-3.52499999999968,14.0000000000001));
#2910=CARTESIAN_POINT('',(35.575,-17.0249999999997,14.0000000000001));
#2911=CARTESIAN_POINT('Origin',(35.575,-16.5249999999997,14.0000000000001));
#2912=CARTESIAN_POINT('',(22.575,-17.0249999999997,14.0000000000001));
#2913=CARTESIAN_POINT('',(22.575,-17.0249999999997,14.0000000000001));
#2914=CARTESIAN_POINT('',(22.075,-16.5249999999997,14.0000000000001));
#2915=CARTESIAN_POINT('Origin',(22.575,-16.5249999999997,14.0000000000001));
#2916=CARTESIAN_POINT('',(22.075,-3.52499999999968,14.0000000000001));
#2917=CARTESIAN_POINT('',(22.075,-3.52499999999968,14.0000000000001));
#2918=CARTESIAN_POINT('Origin',(22.575,-3.52499999999968,14.0000000000001));
#2919=CARTESIAN_POINT('',(41.625,-3.02499999999968,14.0000000000001));
#2920=CARTESIAN_POINT('',(54.625,-3.02499999999968,14.0000000000001));
#2921=CARTESIAN_POINT('',(41.625,-3.02499999999968,14.0000000000001));
#2922=CARTESIAN_POINT('',(55.125,-3.52499999999968,14.0000000000001));
#2923=CARTESIAN_POINT('Origin',(54.625,-3.52499999999968,14.0000000000001));
#2924=CARTESIAN_POINT('',(55.125,-16.5249999999997,14.0000000000001));
#2925=CARTESIAN_POINT('',(55.125,-3.52499999999968,14.0000000000001));
#2926=CARTESIAN_POINT('',(54.625,-17.0249999999997,14.0000000000001));
#2927=CARTESIAN_POINT('Origin',(54.625,-16.5249999999997,14.0000000000001));
#2928=CARTESIAN_POINT('',(41.625,-17.0249999999997,14.0000000000001));
#2929=CARTESIAN_POINT('',(41.625,-17.0249999999997,14.0000000000001));
#2930=CARTESIAN_POINT('',(41.125,-16.5249999999997,14.0000000000001));
#2931=CARTESIAN_POINT('Origin',(41.625,-16.5249999999997,14.0000000000001));
#2932=CARTESIAN_POINT('',(41.125,-3.52499999999968,14.0000000000001));
#2933=CARTESIAN_POINT('',(41.125,-3.52499999999968,14.0000000000001));
#2934=CARTESIAN_POINT('Origin',(41.625,-3.52499999999968,14.0000000000001));
#2935=CARTESIAN_POINT('',(3.525,-22.0749999999997,14.0000000000001));
#2936=CARTESIAN_POINT('',(16.525,-22.0749999999997,14.0000000000001));
#2937=CARTESIAN_POINT('',(3.525,-22.0749999999997,14.0000000000001));
#2938=CARTESIAN_POINT('',(17.025,-22.5749999999997,14.0000000000001));
#2939=CARTESIAN_POINT('Origin',(16.525,-22.5749999999997,14.0000000000001));
#2940=CARTESIAN_POINT('',(17.025,-35.5749999999997,14.0000000000001));
#2941=CARTESIAN_POINT('',(17.025,-22.5749999999997,14.0000000000001));
#2942=CARTESIAN_POINT('',(16.525,-36.0749999999997,14.0000000000001));
#2943=CARTESIAN_POINT('Origin',(16.525,-35.5749999999997,14.0000000000001));
#2944=CARTESIAN_POINT('',(3.525,-36.0749999999997,14.0000000000001));
#2945=CARTESIAN_POINT('',(3.525,-36.0749999999997,14.0000000000001));
#2946=CARTESIAN_POINT('',(3.025,-35.5749999999997,14.0000000000001));
#2947=CARTESIAN_POINT('Origin',(3.525,-35.5749999999997,14.0000000000001));
#2948=CARTESIAN_POINT('',(3.025,-22.5749999999997,14.0000000000001));
#2949=CARTESIAN_POINT('',(3.025,-22.5749999999997,14.0000000000001));
#2950=CARTESIAN_POINT('Origin',(3.525,-22.5749999999997,14.0000000000001));
#2951=CARTESIAN_POINT('',(41.625,-22.0749999999997,14.0000000000001));
#2952=CARTESIAN_POINT('',(54.625,-22.0749999999997,14.0000000000001));
#2953=CARTESIAN_POINT('',(41.625,-22.0749999999997,14.0000000000001));
#2954=CARTESIAN_POINT('',(55.125,-22.5749999999997,14.0000000000001));
#2955=CARTESIAN_POINT('Origin',(54.625,-22.5749999999997,14.0000000000001));
#2956=CARTESIAN_POINT('',(55.125,-35.5749999999997,14.0000000000001));
#2957=CARTESIAN_POINT('',(55.125,-22.5749999999997,14.0000000000001));
#2958=CARTESIAN_POINT('',(54.625,-36.0749999999997,14.0000000000001));
#2959=CARTESIAN_POINT('Origin',(54.625,-35.5749999999997,14.0000000000001));
#2960=CARTESIAN_POINT('',(41.625,-36.0749999999997,14.0000000000001));
#2961=CARTESIAN_POINT('',(41.625,-36.0749999999997,14.0000000000001));
#2962=CARTESIAN_POINT('',(41.125,-35.5749999999997,14.0000000000001));
#2963=CARTESIAN_POINT('Origin',(41.625,-35.5749999999997,14.0000000000001));
#2964=CARTESIAN_POINT('',(41.125,-22.5749999999997,14.0000000000001));
#2965=CARTESIAN_POINT('',(41.125,-22.5749999999997,14.0000000000001));
#2966=CARTESIAN_POINT('Origin',(41.625,-22.5749999999997,14.0000000000001));
#2967=CARTESIAN_POINT('',(36.075,-22.5749999999997,14.0000000000001));
#2968=CARTESIAN_POINT('',(36.075,-35.5749999999997,14.0000000000001));
#2969=CARTESIAN_POINT('',(36.075,-22.5749999999997,14.0000000000001));
#2970=CARTESIAN_POINT('',(35.575,-36.0749999999997,14.0000000000001));
#2971=CARTESIAN_POINT('Origin',(35.575,-35.5749999999997,14.0000000000001));
#2972=CARTESIAN_POINT('',(22.575,-36.0749999999997,14.0000000000001));
#2973=CARTESIAN_POINT('',(22.575,-36.0749999999997,14.0000000000001));
#2974=CARTESIAN_POINT('',(22.075,-35.5749999999997,14.0000000000001));
#2975=CARTESIAN_POINT('Origin',(22.575,-35.5749999999997,14.0000000000001));
#2976=CARTESIAN_POINT('',(22.075,-22.5749999999997,14.0000000000001));
#2977=CARTESIAN_POINT('',(22.075,-22.5749999999997,14.0000000000001));
#2978=CARTESIAN_POINT('',(22.575,-22.0749999999997,14.0000000000001));
#2979=CARTESIAN_POINT('Origin',(22.575,-22.5749999999997,14.0000000000001));
#2980=CARTESIAN_POINT('',(35.575,-22.0749999999997,14.0000000000001));
#2981=CARTESIAN_POINT('',(22.575,-22.0749999999997,14.0000000000001));
#2982=CARTESIAN_POINT('Origin',(35.575,-22.5749999999997,14.0000000000001));
#2983=CARTESIAN_POINT('',(3.525,-41.1249999999997,14.0000000000001));
#2984=CARTESIAN_POINT('',(16.525,-41.1249999999997,14.0000000000001));
#2985=CARTESIAN_POINT('',(3.525,-41.1249999999997,14.0000000000001));
#2986=CARTESIAN_POINT('',(17.025,-41.6249999999997,14.0000000000001));
#2987=CARTESIAN_POINT('Origin',(16.525,-41.6249999999997,14.0000000000001));
#2988=CARTESIAN_POINT('',(17.025,-54.6249999999997,14.0000000000001));
#2989=CARTESIAN_POINT('',(17.025,-41.6249999999997,14.0000000000001));
#2990=CARTESIAN_POINT('',(16.525,-55.1249999999997,14.0000000000001));
#2991=CARTESIAN_POINT('Origin',(16.525,-54.6249999999997,14.0000000000001));
#2992=CARTESIAN_POINT('',(3.525,-55.1249999999997,14.0000000000001));
#2993=CARTESIAN_POINT('',(3.525,-55.1249999999997,14.0000000000001));
#2994=CARTESIAN_POINT('',(3.025,-54.6249999999997,14.0000000000001));
#2995=CARTESIAN_POINT('Origin',(3.525,-54.6249999999997,14.0000000000001));
#2996=CARTESIAN_POINT('',(3.025,-41.6249999999997,14.0000000000001));
#2997=CARTESIAN_POINT('',(3.025,-41.6249999999997,14.0000000000001));
#2998=CARTESIAN_POINT('Origin',(3.525,-41.6249999999997,14.0000000000001));
#2999=CARTESIAN_POINT('',(22.575,-41.1249999999997,14.0000000000001));
#3000=CARTESIAN_POINT('',(35.575,-41.1249999999997,14.0000000000001));
#3001=CARTESIAN_POINT('',(22.575,-41.1249999999997,14.0000000000001));
#3002=CARTESIAN_POINT('',(36.075,-41.6249999999997,14.0000000000001));
#3003=CARTESIAN_POINT('Origin',(35.575,-41.6249999999997,14.0000000000001));
#3004=CARTESIAN_POINT('',(36.075,-54.6249999999997,14.0000000000001));
#3005=CARTESIAN_POINT('',(36.075,-41.6249999999997,14.0000000000001));
#3006=CARTESIAN_POINT('',(35.575,-55.1249999999997,14.0000000000001));
#3007=CARTESIAN_POINT('Origin',(35.575,-54.6249999999997,14.0000000000001));
#3008=CARTESIAN_POINT('',(22.575,-55.1249999999997,14.0000000000001));
#3009=CARTESIAN_POINT('',(22.575,-55.1249999999997,14.0000000000001));
#3010=CARTESIAN_POINT('',(22.075,-54.6249999999997,14.0000000000001));
#3011=CARTESIAN_POINT('Origin',(22.575,-54.6249999999997,14.0000000000001));
#3012=CARTESIAN_POINT('',(22.075,-41.6249999999997,14.0000000000001));
#3013=CARTESIAN_POINT('',(22.075,-41.6249999999997,14.0000000000001));
#3014=CARTESIAN_POINT('Origin',(22.575,-41.6249999999997,14.0000000000001));
#3015=CARTESIAN_POINT('',(41.625,-41.1249999999997,14.0000000000001));
#3016=CARTESIAN_POINT('',(54.625,-41.1249999999997,14.0000000000001));
#3017=CARTESIAN_POINT('',(41.625,-41.1249999999997,14.0000000000001));
#3018=CARTESIAN_POINT('',(55.125,-41.6249999999997,14.0000000000001));
#3019=CARTESIAN_POINT('Origin',(54.625,-41.6249999999997,14.0000000000001));
#3020=CARTESIAN_POINT('',(55.125,-54.6249999999997,14.0000000000001));
#3021=CARTESIAN_POINT('',(55.125,-41.6249999999997,14.0000000000001));
#3022=CARTESIAN_POINT('',(54.625,-55.1249999999997,14.0000000000001));
#3023=CARTESIAN_POINT('Origin',(54.625,-54.6249999999997,14.0000000000001));
#3024=CARTESIAN_POINT('',(41.625,-55.1249999999997,14.0000000000001));
#3025=CARTESIAN_POINT('',(41.625,-55.1249999999997,14.0000000000001));
#3026=CARTESIAN_POINT('',(41.125,-54.6249999999997,14.0000000000001));
#3027=CARTESIAN_POINT('Origin',(41.625,-54.6249999999997,14.0000000000001));
#3028=CARTESIAN_POINT('',(41.125,-41.6249999999997,14.0000000000001));
#3029=CARTESIAN_POINT('',(41.125,-41.6249999999997,14.0000000000001));
#3030=CARTESIAN_POINT('Origin',(41.625,-41.6249999999997,14.0000000000001));
#3031=CARTESIAN_POINT('',(-9.94187586598329,26.9137300303902,14.0000000000001));
#3032=CARTESIAN_POINT('Origin',(-8.49187586598329,26.9137300303902,14.0000000000001));
#3033=CARTESIAN_POINT('',(-9.95549554813742,-66.498709313257,14.0000000000001));
#3034=CARTESIAN_POINT('Origin',(-8.50549554813742,-66.498709313257,14.0000000000001));
#3035=CARTESIAN_POINT('Origin',(-8.50549554813742,-66.498709313257,8.00000000000017));
#3036=CARTESIAN_POINT('',(-9.95549554813741,-66.4987093132572,11.0000000000001));
#3037=CARTESIAN_POINT('Origin',(-8.50549554813742,-66.4987093132572,11.0000000000001));
#3038=CARTESIAN_POINT('',(-9.95549554813742,-66.498709313257,8.00000000000017));
#3039=CARTESIAN_POINT('Origin',(66.8898347218432,-66.5043458351903,8.00000000000017));
#3040=CARTESIAN_POINT('',(65.4398347218432,-66.5043458351905,11.0000000000001));
#3041=CARTESIAN_POINT('Origin',(66.8898347218432,-66.5043458351905,11.0000000000001));
#3042=CARTESIAN_POINT('',(65.4398347218432,-66.5043458351903,8.00000000000017));
#3043=CARTESIAN_POINT('Origin',(66.9258449721644,26.9324854524079,8.00000000000016));
#3044=CARTESIAN_POINT('',(65.4758449721644,26.9324854524076,11.0000000000001));
#3045=CARTESIAN_POINT('Origin',(66.9258449721644,26.9324854524076,11.0000000000001));
#3046=CARTESIAN_POINT('',(65.4758449721644,26.9324854524079,8.00000000000016));
#3047=CARTESIAN_POINT('Origin',(-8.49187586598329,26.9137300303902,8.00000000000016));
#3048=CARTESIAN_POINT('',(-9.9418758659833,26.9137300303899,11.0000000000001));
#3049=CARTESIAN_POINT('Origin',(-8.49187586598329,26.9137300303899,11.0000000000001));
#3050=CARTESIAN_POINT('',(-9.94187586598329,26.9137300303902,8.00000000000016));
#3051=CARTESIAN_POINT('Origin',(-12.9364916788749,-14.7874999999996,11.9999999776484));
#3052=CARTESIAN_POINT('',(-13.4206145985936,-50.0000007450578,12.1249999720604));
#3053=CARTESIAN_POINT('',(-12.9364916788749,-50.0000007450578,11.4999999776484));
#3054=CARTESIAN_POINT('Origin',(-12.9364916788749,-50.0000007450578,11.9999999776484));
#3055=CARTESIAN_POINT('',(-13.4206145985936,12.5000001862648,12.1249999720604));
#3056=CARTESIAN_POINT('',(-13.4206145985936,-14.7874999999996,12.1249999720604));
#3057=CARTESIAN_POINT('',(-12.9364916788749,12.5000001862648,11.4999999776484));
#3058=CARTESIAN_POINT('Origin',(-12.9364916788749,12.5000001862648,11.9999999776484));
#3059=CARTESIAN_POINT('',(-12.9364916788749,-14.7874999999996,11.4999999776484));
#3060=CARTESIAN_POINT('Origin',(-13.5,12.5000001862648,11.4999999776484));
#3061=CARTESIAN_POINT('',(-12.5,12.5000001862648,11.4999999776484));
#3062=CARTESIAN_POINT('',(-13.5,12.5000001862648,11.4999999776484));
#3063=CARTESIAN_POINT('',(-12.5,-50.0000007450578,11.4999999776484));
#3064=CARTESIAN_POINT('',(-12.5,-50.0000007450578,11.4999999776484));
#3065=CARTESIAN_POINT('',(-13.5,-50.0000007450578,11.4999999776484));
#3066=CARTESIAN_POINT('Origin',(71.5864916788749,-43.3624999999995,11.9999999776484));
#3067=CARTESIAN_POINT('',(72.0706145985936,12.5000001862648,12.1249999720604));
#3068=CARTESIAN_POINT('',(71.5864916788749,12.5000001862648,11.4999999776484));
#3069=CARTESIAN_POINT('Origin',(71.5864916788749,12.5000001862648,11.9999999776484));
#3070=CARTESIAN_POINT('',(72.0706145985936,-50.0000007450578,12.1249999720604));
#3071=CARTESIAN_POINT('',(72.0706145985936,-43.3624999999995,12.1249999720604));
#3072=CARTESIAN_POINT('',(71.5864916788749,-50.0000007450578,11.4999999776484));
#3073=CARTESIAN_POINT('Origin',(71.5864916788749,-50.0000007450578,11.9999999776484));
#3074=CARTESIAN_POINT('',(71.5864916788749,-43.3624999999995,11.4999999776484));
#3075=CARTESIAN_POINT('Origin',(72.15,-50.0000007450578,11.4999999776484));
#3076=CARTESIAN_POINT('',(71.15,-50.0000007450578,11.4999999776484));
#3077=CARTESIAN_POINT('',(72.15,-50.0000007450578,11.4999999776484));
#3078=CARTESIAN_POINT('',(71.15,12.5000001862648,11.4999999776484));
#3079=CARTESIAN_POINT('',(71.15,-50.0000007450578,11.4999999776484));
#3080=CARTESIAN_POINT('',(72.15,12.5000001862648,11.4999999776484));
#3081=CARTESIAN_POINT('Origin',(72.15,-50.0000007450578,10.9999999701978));
#3082=CARTESIAN_POINT('',(72.15,-50.0000007450578,10.9999999701978));
#3083=CARTESIAN_POINT('',(72.15,-50.0000007450578,11.4999999776484));
#3084=CARTESIAN_POINT('',(72.15,-50.0000007450578,10.999999985099));
#3085=CARTESIAN_POINT('',(71.15,-50.0000007450578,10.9999999701978));
#3086=CARTESIAN_POINT('',(50.6125,-50.0000007450578,11.0000000000001));
#3087=CARTESIAN_POINT('',(71.15,-50.0000007450578,10.9999999701978));
#3088=CARTESIAN_POINT('Origin',(69.65,-50.0000007450578,11.5000000000001));
#3089=CARTESIAN_POINT('Origin',(72.15,12.5000001862648,11.4999999776484));
#3090=CARTESIAN_POINT('',(72.15,12.5000001862648,11.4999999776484));
#3091=CARTESIAN_POINT('',(72.15,12.5000001862648,10.9999999701978));
#3092=CARTESIAN_POINT('',(72.15,12.5000001862648,11.2499999888243));
#3093=CARTESIAN_POINT('Origin',(69.65,12.5000001862648,11.5000000000001));
#3094=CARTESIAN_POINT('',(71.15,12.5000001862648,10.9999999701978));
#3095=CARTESIAN_POINT('',(71.15,12.5000001862648,11.4999999776484));
#3096=CARTESIAN_POINT('',(50.6125,12.5000001862648,11.0000000000001));
#3097=CARTESIAN_POINT('Origin',(71.15,-19.824999999999,11.249999985099));
#3098=CARTESIAN_POINT('',(71.15,-24.4499999999993,11.0000000000001));
#3099=CARTESIAN_POINT('Origin',(72.15,-57.6499999999994,11.0000000000002));
#3100=CARTESIAN_POINT('',(72.15,-71.6499999999992,11.5000000000001));
#3101=CARTESIAN_POINT('',(72.15,-43.3624999999995,11.5000000000001));
#3102=CARTESIAN_POINT('',(72.15,-71.6499999999992,11.0000000000002));
#3103=CARTESIAN_POINT('',(72.15,-71.6499999999992,11.0000000000002));
#3104=CARTESIAN_POINT('',(72.15,-57.6499999999992,11.0000000000002));
#3105=CARTESIAN_POINT('Origin',(72.15,-57.6499999999994,11.0000000000002));
#3106=CARTESIAN_POINT('',(72.15,32.0000000000008,11.0000000000002));
#3107=CARTESIAN_POINT('',(72.15,-57.6499999999992,11.0000000000002));
#3108=CARTESIAN_POINT('',(72.15,32.0000000000008,11.5000000000001));
#3109=CARTESIAN_POINT('',(72.15,32.0000000000008,11.0000000000002));
#3110=CARTESIAN_POINT('',(72.15,-43.3624999999995,11.5000000000001));
#3111=CARTESIAN_POINT('Origin',(29.075,-29.0749999999997,11.0000000000001));
#3112=CARTESIAN_POINT('',(-13.5,-71.6499999999992,11.0000000000002));
#3113=CARTESIAN_POINT('',(0.499999999999998,-71.6499999999992,11.0000000000002));
#3114=CARTESIAN_POINT('',(-13.5,-50.0000007450578,10.9999999701978));
#3115=CARTESIAN_POINT('',(-13.5,-0.499999999999163,11.0000000000002));
#3116=CARTESIAN_POINT('',(-12.5,-50.0000007450578,10.9999999701978));
#3117=CARTESIAN_POINT('',(7.7875,-50.0000007450578,11.0000000000001));
#3118=CARTESIAN_POINT('',(-12.5,12.5000001862648,10.9999999701978));
#3119=CARTESIAN_POINT('',(-12.5,-23.9125001396981,11.0000000000001));
#3120=CARTESIAN_POINT('',(-13.5,12.5000001862648,10.9999999701978));
#3121=CARTESIAN_POINT('',(7.7875,12.5000001862648,11.0000000000001));
#3122=CARTESIAN_POINT('',(-13.5,32.0000000000008,11.0000000000002));
#3123=CARTESIAN_POINT('',(-13.5,-0.499999999999163,11.0000000000002));
#3124=CARTESIAN_POINT('',(57.65,32.0000000000008,11.0000000000002));
#3125=CARTESIAN_POINT('',(41.625,-41.1249999999997,11.0000000000001));
#3126=CARTESIAN_POINT('',(54.625,-41.1249999999997,11.0000000000001));
#3127=CARTESIAN_POINT('',(41.625,-41.1249999999997,11.0000000000001));
#3128=CARTESIAN_POINT('',(41.125,-41.6249999999997,11.0000000000001));
#3129=CARTESIAN_POINT('Origin',(41.625,-41.6249999999997,11.0000000000001));
#3130=CARTESIAN_POINT('',(41.125,-54.6249999999997,11.0000000000001));
#3131=CARTESIAN_POINT('',(41.125,-41.6249999999997,11.0000000000001));
#3132=CARTESIAN_POINT('',(41.625,-55.1249999999997,11.0000000000001));
#3133=CARTESIAN_POINT('Origin',(41.625,-54.6249999999997,11.0000000000001));
#3134=CARTESIAN_POINT('',(54.625,-55.1249999999997,11.0000000000001));
#3135=CARTESIAN_POINT('',(41.625,-55.1249999999997,11.0000000000001));
#3136=CARTESIAN_POINT('',(55.125,-54.6249999999997,11.0000000000001));
#3137=CARTESIAN_POINT('Origin',(54.625,-54.6249999999997,11.0000000000001));
#3138=CARTESIAN_POINT('',(55.125,-41.6249999999997,11.0000000000001));
#3139=CARTESIAN_POINT('',(55.125,-41.6249999999997,11.0000000000001));
#3140=CARTESIAN_POINT('Origin',(54.625,-41.6249999999997,11.0000000000001));
#3141=CARTESIAN_POINT('',(22.575,-41.1249999999997,11.0000000000001));
#3142=CARTESIAN_POINT('',(35.575,-41.1249999999997,11.0000000000001));
#3143=CARTESIAN_POINT('',(22.575,-41.1249999999997,11.0000000000001));
#3144=CARTESIAN_POINT('',(22.075,-41.6249999999997,11.0000000000001));
#3145=CARTESIAN_POINT('Origin',(22.575,-41.6249999999997,11.0000000000001));
#3146=CARTESIAN_POINT('',(22.075,-54.6249999999997,11.0000000000001));
#3147=CARTESIAN_POINT('',(22.075,-41.6249999999997,11.0000000000001));
#3148=CARTESIAN_POINT('',(22.575,-55.1249999999997,11.0000000000001));
#3149=CARTESIAN_POINT('Origin',(22.575,-54.6249999999997,11.0000000000001));
#3150=CARTESIAN_POINT('',(35.575,-55.1249999999997,11.0000000000001));
#3151=CARTESIAN_POINT('',(22.575,-55.1249999999997,11.0000000000001));
#3152=CARTESIAN_POINT('',(36.075,-54.6249999999997,11.0000000000001));
#3153=CARTESIAN_POINT('Origin',(35.575,-54.6249999999997,11.0000000000001));
#3154=CARTESIAN_POINT('',(36.075,-41.6249999999997,11.0000000000001));
#3155=CARTESIAN_POINT('',(36.075,-41.6249999999997,11.0000000000001));
#3156=CARTESIAN_POINT('Origin',(35.575,-41.6249999999997,11.0000000000001));
#3157=CARTESIAN_POINT('',(3.525,-41.1249999999997,11.0000000000001));
#3158=CARTESIAN_POINT('',(16.525,-41.1249999999997,11.0000000000001));
#3159=CARTESIAN_POINT('',(3.525,-41.1249999999997,11.0000000000001));
#3160=CARTESIAN_POINT('',(3.025,-41.6249999999997,11.0000000000001));
#3161=CARTESIAN_POINT('Origin',(3.525,-41.6249999999997,11.0000000000001));
#3162=CARTESIAN_POINT('',(3.025,-54.6249999999997,11.0000000000001));
#3163=CARTESIAN_POINT('',(3.025,-41.6249999999997,11.0000000000001));
#3164=CARTESIAN_POINT('',(3.525,-55.1249999999997,11.0000000000001));
#3165=CARTESIAN_POINT('Origin',(3.525,-54.6249999999997,11.0000000000001));
#3166=CARTESIAN_POINT('',(16.525,-55.1249999999997,11.0000000000001));
#3167=CARTESIAN_POINT('',(3.525,-55.1249999999997,11.0000000000001));
#3168=CARTESIAN_POINT('',(17.025,-54.6249999999997,11.0000000000001));
#3169=CARTESIAN_POINT('Origin',(16.525,-54.6249999999997,11.0000000000001));
#3170=CARTESIAN_POINT('',(17.025,-41.6249999999997,11.0000000000001));
#3171=CARTESIAN_POINT('',(17.025,-41.6249999999997,11.0000000000001));
#3172=CARTESIAN_POINT('Origin',(16.525,-41.6249999999997,11.0000000000001));
#3173=CARTESIAN_POINT('',(36.075,-22.5749999999997,11.0000000000001));
#3174=CARTESIAN_POINT('',(36.075,-35.5749999999997,11.0000000000001));
#3175=CARTESIAN_POINT('',(36.075,-22.5749999999997,11.0000000000001));
#3176=CARTESIAN_POINT('',(35.575,-22.0749999999997,11.0000000000001));
#3177=CARTESIAN_POINT('Origin',(35.575,-22.5749999999997,11.0000000000001));
#3178=CARTESIAN_POINT('',(22.575,-22.0749999999997,11.0000000000001));
#3179=CARTESIAN_POINT('',(22.575,-22.0749999999997,11.0000000000001));
#3180=CARTESIAN_POINT('',(22.075,-22.5749999999997,11.0000000000001));
#3181=CARTESIAN_POINT('Origin',(22.575,-22.5749999999997,11.0000000000001));
#3182=CARTESIAN_POINT('',(22.075,-35.5749999999997,11.0000000000001));
#3183=CARTESIAN_POINT('',(22.075,-22.5749999999997,11.0000000000001));
#3184=CARTESIAN_POINT('',(22.575,-36.0749999999997,11.0000000000001));
#3185=CARTESIAN_POINT('Origin',(22.575,-35.5749999999997,11.0000000000001));
#3186=CARTESIAN_POINT('',(35.575,-36.0749999999997,11.0000000000001));
#3187=CARTESIAN_POINT('',(22.575,-36.0749999999997,11.0000000000001));
#3188=CARTESIAN_POINT('Origin',(35.575,-35.5749999999997,11.0000000000001));
#3189=CARTESIAN_POINT('',(41.625,-22.0749999999997,11.0000000000001));
#3190=CARTESIAN_POINT('',(54.625,-22.0749999999997,11.0000000000001));
#3191=CARTESIAN_POINT('',(41.625,-22.0749999999997,11.0000000000001));
#3192=CARTESIAN_POINT('',(41.125,-22.5749999999997,11.0000000000001));
#3193=CARTESIAN_POINT('Origin',(41.625,-22.5749999999997,11.0000000000001));
#3194=CARTESIAN_POINT('',(41.125,-35.5749999999997,11.0000000000001));
#3195=CARTESIAN_POINT('',(41.125,-22.5749999999997,11.0000000000001));
#3196=CARTESIAN_POINT('',(41.625,-36.0749999999997,11.0000000000001));
#3197=CARTESIAN_POINT('Origin',(41.625,-35.5749999999997,11.0000000000001));
#3198=CARTESIAN_POINT('',(54.625,-36.0749999999997,11.0000000000001));
#3199=CARTESIAN_POINT('',(41.625,-36.0749999999997,11.0000000000001));
#3200=CARTESIAN_POINT('',(55.125,-35.5749999999997,11.0000000000001));
#3201=CARTESIAN_POINT('Origin',(54.625,-35.5749999999997,11.0000000000001));
#3202=CARTESIAN_POINT('',(55.125,-22.5749999999997,11.0000000000001));
#3203=CARTESIAN_POINT('',(55.125,-22.5749999999997,11.0000000000001));
#3204=CARTESIAN_POINT('Origin',(54.625,-22.5749999999997,11.0000000000001));
#3205=CARTESIAN_POINT('',(3.525,-22.0749999999997,11.0000000000001));
#3206=CARTESIAN_POINT('',(16.525,-22.0749999999997,11.0000000000001));
#3207=CARTESIAN_POINT('',(3.525,-22.0749999999997,11.0000000000001));
#3208=CARTESIAN_POINT('',(3.025,-22.5749999999997,11.0000000000001));
#3209=CARTESIAN_POINT('Origin',(3.525,-22.5749999999997,11.0000000000001));
#3210=CARTESIAN_POINT('',(3.025,-35.5749999999997,11.0000000000001));
#3211=CARTESIAN_POINT('',(3.025,-22.5749999999997,11.0000000000001));
#3212=CARTESIAN_POINT('',(3.525,-36.0749999999997,11.0000000000001));
#3213=CARTESIAN_POINT('Origin',(3.525,-35.5749999999997,11.0000000000001));
#3214=CARTESIAN_POINT('',(16.525,-36.0749999999997,11.0000000000001));
#3215=CARTESIAN_POINT('',(3.525,-36.0749999999997,11.0000000000001));
#3216=CARTESIAN_POINT('',(17.025,-35.5749999999997,11.0000000000001));
#3217=CARTESIAN_POINT('Origin',(16.525,-35.5749999999997,11.0000000000001));
#3218=CARTESIAN_POINT('',(17.025,-22.5749999999997,11.0000000000001));
#3219=CARTESIAN_POINT('',(17.025,-22.5749999999997,11.0000000000001));
#3220=CARTESIAN_POINT('Origin',(16.525,-22.5749999999997,11.0000000000001));
#3221=CARTESIAN_POINT('',(41.625,-3.02499999999968,11.0000000000001));
#3222=CARTESIAN_POINT('',(54.625,-3.02499999999968,11.0000000000001));
#3223=CARTESIAN_POINT('',(41.625,-3.02499999999968,11.0000000000001));
#3224=CARTESIAN_POINT('',(41.125,-3.52499999999968,11.0000000000001));
#3225=CARTESIAN_POINT('Origin',(41.625,-3.52499999999968,11.0000000000001));
#3226=CARTESIAN_POINT('',(41.125,-16.5249999999997,11.0000000000001));
#3227=CARTESIAN_POINT('',(41.125,-3.52499999999968,11.0000000000001));
#3228=CARTESIAN_POINT('',(41.625,-17.0249999999997,11.0000000000001));
#3229=CARTESIAN_POINT('Origin',(41.625,-16.5249999999997,11.0000000000001));
#3230=CARTESIAN_POINT('',(54.625,-17.0249999999997,11.0000000000001));
#3231=CARTESIAN_POINT('',(41.625,-17.0249999999997,11.0000000000001));
#3232=CARTESIAN_POINT('',(55.125,-16.5249999999997,11.0000000000001));
#3233=CARTESIAN_POINT('Origin',(54.625,-16.5249999999997,11.0000000000001));
#3234=CARTESIAN_POINT('',(55.125,-3.52499999999968,11.0000000000001));
#3235=CARTESIAN_POINT('',(55.125,-3.52499999999968,11.0000000000001));
#3236=CARTESIAN_POINT('Origin',(54.625,-3.52499999999968,11.0000000000001));
#3237=CARTESIAN_POINT('',(22.575,-3.02499999999968,11.0000000000001));
#3238=CARTESIAN_POINT('',(35.575,-3.02499999999968,11.0000000000001));
#3239=CARTESIAN_POINT('',(22.575,-3.02499999999968,11.0000000000001));
#3240=CARTESIAN_POINT('',(22.075,-3.52499999999968,11.0000000000001));
#3241=CARTESIAN_POINT('Origin',(22.575,-3.52499999999968,11.0000000000001));
#3242=CARTESIAN_POINT('',(22.075,-16.5249999999997,11.0000000000001));
#3243=CARTESIAN_POINT('',(22.075,-3.52499999999968,11.0000000000001));
#3244=CARTESIAN_POINT('',(22.575,-17.0249999999997,11.0000000000001));
#3245=CARTESIAN_POINT('Origin',(22.575,-16.5249999999997,11.0000000000001));
#3246=CARTESIAN_POINT('',(35.575,-17.0249999999997,11.0000000000001));
#3247=CARTESIAN_POINT('',(22.575,-17.0249999999997,11.0000000000001));
#3248=CARTESIAN_POINT('',(36.075,-16.5249999999997,11.0000000000001));
#3249=CARTESIAN_POINT('Origin',(35.575,-16.5249999999997,11.0000000000001));
#3250=CARTESIAN_POINT('',(36.075,-3.52499999999968,11.0000000000001));
#3251=CARTESIAN_POINT('',(36.075,-3.52499999999968,11.0000000000001));
#3252=CARTESIAN_POINT('Origin',(35.575,-3.52499999999968,11.0000000000001));
#3253=CARTESIAN_POINT('',(3.525,-3.02499999999968,11.0000000000001));
#3254=CARTESIAN_POINT('',(16.525,-3.02499999999968,11.0000000000001));
#3255=CARTESIAN_POINT('',(3.525,-3.02499999999968,11.0000000000001));
#3256=CARTESIAN_POINT('',(3.025,-3.52499999999968,11.0000000000001));
#3257=CARTESIAN_POINT('Origin',(3.525,-3.52499999999968,11.0000000000001));
#3258=CARTESIAN_POINT('',(3.025,-16.5249999999997,11.0000000000001));
#3259=CARTESIAN_POINT('',(3.025,-3.52499999999968,11.0000000000001));
#3260=CARTESIAN_POINT('',(3.525,-17.0249999999997,11.0000000000001));
#3261=CARTESIAN_POINT('Origin',(3.525,-16.5249999999997,11.0000000000001));
#3262=CARTESIAN_POINT('',(16.525,-17.0249999999997,11.0000000000001));
#3263=CARTESIAN_POINT('',(3.525,-17.0249999999997,11.0000000000001));
#3264=CARTESIAN_POINT('',(17.025,-16.5249999999997,11.0000000000001));
#3265=CARTESIAN_POINT('Origin',(16.525,-16.5249999999997,11.0000000000001));
#3266=CARTESIAN_POINT('',(17.025,-3.52499999999968,11.0000000000001));
#3267=CARTESIAN_POINT('',(17.025,-3.52499999999968,11.0000000000001));
#3268=CARTESIAN_POINT('Origin',(16.525,-3.52499999999968,11.0000000000001));
#3269=CARTESIAN_POINT('',(34.2842,16.4023411382538,11.0000000000001));
#3270=CARTESIAN_POINT('',(8.0206,16.4023411382538,11.0000000000001));
#3271=CARTESIAN_POINT('',(18.5478,16.4023411382538,11.0000000000001));
#3272=CARTESIAN_POINT('',(8.02060000000001,4.79454113825377,11.0000000000001));
#3273=CARTESIAN_POINT('',(8.02060000000001,-12.140229430873,11.0000000000001));
#3274=CARTESIAN_POINT('',(34.2842,4.79454113825377,11.0000000000001));
#3275=CARTESIAN_POINT('',(31.6796,4.79454113825377,11.0000000000001));
#3276=CARTESIAN_POINT('',(34.2842,-6.33632943087296,11.0000000000001));
#3277=CARTESIAN_POINT('Origin',(-13.5,12.5000001862648,10.9999999701978));
#3278=CARTESIAN_POINT('',(-13.5,12.5000001862648,11.4999999776484));
#3279=CARTESIAN_POINT('',(-13.5,12.5000001862648,10.999999985099));
#3280=CARTESIAN_POINT('',(-12.5,12.5000001862648,11.4999999776484));
#3281=CARTESIAN_POINT('Origin',(-11.,12.5000001862648,11.5000000000001));
#3282=CARTESIAN_POINT('Origin',(-13.5,-50.0000007450578,11.4999999776484));
#3283=CARTESIAN_POINT('',(-13.5,-50.0000007450578,11.4999999776484));
#3284=CARTESIAN_POINT('',(-13.5,-50.0000007450578,11.2499999888243));
#3285=CARTESIAN_POINT('Origin',(-11.,-50.0000007450578,11.5000000000001));
#3286=CARTESIAN_POINT('',(-12.5,-50.0000007450578,10.9999999701978));
#3287=CARTESIAN_POINT('Origin',(-12.5,-18.7500002793965,11.2499999739231));
#3288=CARTESIAN_POINT('Origin',(-13.5,-0.499999999999421,11.0000000000001));
#3289=CARTESIAN_POINT('',(-13.5,32.0000000000008,11.5000000000001));
#3290=CARTESIAN_POINT('',(-13.5,-14.7874999999996,11.5000000000001));
#3291=CARTESIAN_POINT('',(-13.5,32.0000000000008,11.0000000000002));
#3292=CARTESIAN_POINT('Origin',(-13.5,-0.499999999999421,11.0000000000001));
#3293=CARTESIAN_POINT('',(-13.5,-71.6499999999992,11.5000000000001));
#3294=CARTESIAN_POINT('',(-13.5,-71.6499999999992,11.0000000000002));
#3295=CARTESIAN_POINT('',(-13.5,-14.7874999999996,11.5000000000001));
#3296=CARTESIAN_POINT('Origin',(-11.,-14.7874999999996,11.5000000000001));
#3297=CARTESIAN_POINT('Origin',(-11.,-69.1499999999992,11.5000000000001));
#3298=CARTESIAN_POINT('Origin',(-11.,29.5000000000008,11.5000000000001));
#3299=CARTESIAN_POINT('Origin',(69.65,-43.3624999999995,11.5000000000001));
#3300=CARTESIAN_POINT('Origin',(69.65,29.5000000000008,11.5000000000001));
#3301=CARTESIAN_POINT('Origin',(69.65,-69.1499999999992,11.5000000000001));
#3302=CARTESIAN_POINT('Origin',(14.7875,-69.1499999999992,11.5000000000001));
#3303=CARTESIAN_POINT('',(14.7875,-71.6499999999992,11.5000000000001));
#3304=CARTESIAN_POINT('Origin',(43.3625,29.5000000000008,11.5000000000001));
#3305=CARTESIAN_POINT('',(43.3625,32.0000000000008,11.5000000000001));
#3306=CARTESIAN_POINT('Origin',(57.65,32.0000000000008,11.0000000000001));
#3307=CARTESIAN_POINT('Origin',(3.525,-3.02499999999968,11.0000000000001));
#3308=CARTESIAN_POINT('',(16.525,-3.02499999999968,11.0000000000001));
#3309=CARTESIAN_POINT('',(3.525,-3.02499999999968,11.0000000000001));
#3310=CARTESIAN_POINT('Origin',(16.525,-3.52499999999968,11.0000000000001));
#3311=CARTESIAN_POINT('',(17.025,-3.52499999999968,11.0000000000001));
#3312=CARTESIAN_POINT('Origin',(17.025,-3.52499999999968,11.0000000000001));
#3313=CARTESIAN_POINT('',(17.025,-16.5249999999997,11.0000000000001));
#3314=CARTESIAN_POINT('Origin',(16.525,-16.5249999999997,11.0000000000001));
#3315=CARTESIAN_POINT('',(16.525,-17.0249999999997,11.0000000000001));
#3316=CARTESIAN_POINT('Origin',(16.525,-17.0249999999997,11.0000000000001));
#3317=CARTESIAN_POINT('',(3.525,-17.0249999999997,11.0000000000001));
#3318=CARTESIAN_POINT('Origin',(3.525,-16.5249999999997,11.0000000000001));
#3319=CARTESIAN_POINT('',(3.025,-16.5249999999997,11.0000000000001));
#3320=CARTESIAN_POINT('Origin',(3.025,-16.5249999999997,11.0000000000001));
#3321=CARTESIAN_POINT('',(3.025,-3.52499999999968,11.0000000000001));
#3322=CARTESIAN_POINT('Origin',(3.525,-3.52499999999968,11.0000000000001));
#3323=CARTESIAN_POINT('Origin',(22.575,-3.02499999999968,11.0000000000001));
#3324=CARTESIAN_POINT('',(35.575,-3.02499999999968,11.0000000000001));
#3325=CARTESIAN_POINT('',(22.575,-3.02499999999968,11.0000000000001));
#3326=CARTESIAN_POINT('Origin',(35.575,-3.52499999999968,11.0000000000001));
#3327=CARTESIAN_POINT('',(36.075,-3.52499999999968,11.0000000000001));
#3328=CARTESIAN_POINT('Origin',(36.075,-3.52499999999968,11.0000000000001));
#3329=CARTESIAN_POINT('',(36.075,-16.5249999999997,11.0000000000001));
#3330=CARTESIAN_POINT('Origin',(35.575,-16.5249999999997,11.0000000000001));
#3331=CARTESIAN_POINT('',(35.575,-17.0249999999997,11.0000000000001));
#3332=CARTESIAN_POINT('Origin',(35.575,-17.0249999999997,11.0000000000001));
#3333=CARTESIAN_POINT('',(22.575,-17.0249999999997,11.0000000000001));
#3334=CARTESIAN_POINT('Origin',(22.575,-16.5249999999997,11.0000000000001));
#3335=CARTESIAN_POINT('',(22.075,-16.5249999999997,11.0000000000001));
#3336=CARTESIAN_POINT('Origin',(22.075,-16.5249999999997,11.0000000000001));
#3337=CARTESIAN_POINT('',(22.075,-3.52499999999968,11.0000000000001));
#3338=CARTESIAN_POINT('Origin',(22.575,-3.52499999999968,11.0000000000001));
#3339=CARTESIAN_POINT('Origin',(41.625,-3.02499999999968,11.0000000000001));
#3340=CARTESIAN_POINT('',(54.625,-3.02499999999968,11.0000000000001));
#3341=CARTESIAN_POINT('',(41.625,-3.02499999999968,11.0000000000001));
#3342=CARTESIAN_POINT('Origin',(54.625,-3.52499999999968,11.0000000000001));
#3343=CARTESIAN_POINT('',(55.125,-3.52499999999968,11.0000000000001));
#3344=CARTESIAN_POINT('Origin',(55.125,-3.52499999999968,11.0000000000001));
#3345=CARTESIAN_POINT('',(55.125,-16.5249999999997,11.0000000000001));
#3346=CARTESIAN_POINT('Origin',(54.625,-16.5249999999997,11.0000000000001));
#3347=CARTESIAN_POINT('',(54.625,-17.0249999999997,11.0000000000001));
#3348=CARTESIAN_POINT('Origin',(54.625,-17.0249999999997,11.0000000000001));
#3349=CARTESIAN_POINT('',(41.625,-17.0249999999997,11.0000000000001));
#3350=CARTESIAN_POINT('Origin',(41.625,-16.5249999999997,11.0000000000001));
#3351=CARTESIAN_POINT('',(41.125,-16.5249999999997,11.0000000000001));
#3352=CARTESIAN_POINT('Origin',(41.125,-16.5249999999997,11.0000000000001));
#3353=CARTESIAN_POINT('',(41.125,-3.52499999999968,11.0000000000001));
#3354=CARTESIAN_POINT('Origin',(41.625,-3.52499999999968,11.0000000000001));
#3355=CARTESIAN_POINT('Origin',(3.525,-22.0749999999997,11.0000000000001));
#3356=CARTESIAN_POINT('',(16.525,-22.0749999999997,11.0000000000001));
#3357=CARTESIAN_POINT('',(3.525,-22.0749999999997,11.0000000000001));
#3358=CARTESIAN_POINT('Origin',(16.525,-22.5749999999997,11.0000000000001));
#3359=CARTESIAN_POINT('',(17.025,-22.5749999999997,11.0000000000001));
#3360=CARTESIAN_POINT('Origin',(17.025,-22.5749999999997,11.0000000000001));
#3361=CARTESIAN_POINT('',(17.025,-35.5749999999997,11.0000000000001));
#3362=CARTESIAN_POINT('Origin',(16.525,-35.5749999999997,11.0000000000001));
#3363=CARTESIAN_POINT('',(16.525,-36.0749999999997,11.0000000000001));
#3364=CARTESIAN_POINT('Origin',(16.525,-36.0749999999997,11.0000000000001));
#3365=CARTESIAN_POINT('',(3.525,-36.0749999999997,11.0000000000001));
#3366=CARTESIAN_POINT('Origin',(3.525,-35.5749999999997,11.0000000000001));
#3367=CARTESIAN_POINT('',(3.025,-35.5749999999997,11.0000000000001));
#3368=CARTESIAN_POINT('Origin',(3.025,-35.5749999999997,11.0000000000001));
#3369=CARTESIAN_POINT('',(3.025,-22.5749999999997,11.0000000000001));
#3370=CARTESIAN_POINT('Origin',(3.525,-22.5749999999997,11.0000000000001));
#3371=CARTESIAN_POINT('Origin',(41.625,-22.0749999999997,11.0000000000001));
#3372=CARTESIAN_POINT('',(54.625,-22.0749999999997,11.0000000000001));
#3373=CARTESIAN_POINT('',(41.625,-22.0749999999997,11.0000000000001));
#3374=CARTESIAN_POINT('Origin',(54.625,-22.5749999999997,11.0000000000001));
#3375=CARTESIAN_POINT('',(55.125,-22.5749999999997,11.0000000000001));
#3376=CARTESIAN_POINT('Origin',(55.125,-22.5749999999997,11.0000000000001));
#3377=CARTESIAN_POINT('',(55.125,-35.5749999999997,11.0000000000001));
#3378=CARTESIAN_POINT('Origin',(54.625,-35.5749999999997,11.0000000000001));
#3379=CARTESIAN_POINT('',(54.625,-36.0749999999997,11.0000000000001));
#3380=CARTESIAN_POINT('Origin',(54.625,-36.0749999999997,11.0000000000001));
#3381=CARTESIAN_POINT('',(41.625,-36.0749999999997,11.0000000000001));
#3382=CARTESIAN_POINT('Origin',(41.625,-35.5749999999997,11.0000000000001));
#3383=CARTESIAN_POINT('',(41.125,-35.5749999999997,11.0000000000001));
#3384=CARTESIAN_POINT('Origin',(41.125,-35.5749999999997,11.0000000000001));
#3385=CARTESIAN_POINT('',(41.125,-22.5749999999997,11.0000000000001));
#3386=CARTESIAN_POINT('Origin',(41.625,-22.5749999999997,11.0000000000001));
#3387=CARTESIAN_POINT('Origin',(36.075,-22.5749999999997,11.0000000000001));
#3388=CARTESIAN_POINT('',(36.075,-35.5749999999997,11.0000000000001));
#3389=CARTESIAN_POINT('',(36.075,-22.5749999999997,11.0000000000001));
#3390=CARTESIAN_POINT('Origin',(35.575,-35.5749999999997,11.0000000000001));
#3391=CARTESIAN_POINT('',(35.575,-36.0749999999997,11.0000000000001));
#3392=CARTESIAN_POINT('Origin',(35.575,-36.0749999999997,11.0000000000001));
#3393=CARTESIAN_POINT('',(22.575,-36.0749999999997,11.0000000000001));
#3394=CARTESIAN_POINT('Origin',(22.575,-35.5749999999997,11.0000000000001));
#3395=CARTESIAN_POINT('',(22.075,-35.5749999999997,11.0000000000001));
#3396=CARTESIAN_POINT('Origin',(22.075,-35.5749999999997,11.0000000000001));
#3397=CARTESIAN_POINT('',(22.075,-22.5749999999997,11.0000000000001));
#3398=CARTESIAN_POINT('Origin',(22.575,-22.5749999999997,11.0000000000001));
#3399=CARTESIAN_POINT('',(22.575,-22.0749999999997,11.0000000000001));
#3400=CARTESIAN_POINT('Origin',(22.575,-22.0749999999997,11.0000000000001));
#3401=CARTESIAN_POINT('',(35.575,-22.0749999999997,11.0000000000001));
#3402=CARTESIAN_POINT('Origin',(35.575,-22.5749999999997,11.0000000000001));
#3403=CARTESIAN_POINT('Origin',(3.525,-41.1249999999997,11.0000000000001));
#3404=CARTESIAN_POINT('',(16.525,-41.1249999999997,11.0000000000001));
#3405=CARTESIAN_POINT('',(3.525,-41.1249999999997,11.0000000000001));
#3406=CARTESIAN_POINT('Origin',(16.525,-41.6249999999997,11.0000000000001));
#3407=CARTESIAN_POINT('',(17.025,-41.6249999999997,11.0000000000001));
#3408=CARTESIAN_POINT('Origin',(17.025,-41.6249999999997,11.0000000000001));
#3409=CARTESIAN_POINT('',(17.025,-54.6249999999997,11.0000000000001));
#3410=CARTESIAN_POINT('Origin',(16.525,-54.6249999999997,11.0000000000001));
#3411=CARTESIAN_POINT('',(16.525,-55.1249999999997,11.0000000000001));
#3412=CARTESIAN_POINT('Origin',(16.525,-55.1249999999997,11.0000000000001));
#3413=CARTESIAN_POINT('',(3.525,-55.1249999999997,11.0000000000001));
#3414=CARTESIAN_POINT('Origin',(3.525,-54.6249999999997,11.0000000000001));
#3415=CARTESIAN_POINT('',(3.025,-54.6249999999997,11.0000000000001));
#3416=CARTESIAN_POINT('Origin',(3.025,-54.6249999999997,11.0000000000001));
#3417=CARTESIAN_POINT('',(3.025,-41.6249999999997,11.0000000000001));
#3418=CARTESIAN_POINT('Origin',(3.525,-41.6249999999997,11.0000000000001));
#3419=CARTESIAN_POINT('Origin',(22.575,-41.1249999999997,11.0000000000001));
#3420=CARTESIAN_POINT('',(35.575,-41.1249999999997,11.0000000000001));
#3421=CARTESIAN_POINT('',(22.575,-41.1249999999997,11.0000000000001));
#3422=CARTESIAN_POINT('Origin',(35.575,-41.6249999999997,11.0000000000001));
#3423=CARTESIAN_POINT('',(36.075,-41.6249999999997,11.0000000000001));
#3424=CARTESIAN_POINT('Origin',(36.075,-41.6249999999997,11.0000000000001));
#3425=CARTESIAN_POINT('',(36.075,-54.6249999999997,11.0000000000001));
#3426=CARTESIAN_POINT('Origin',(35.575,-54.6249999999997,11.0000000000001));
#3427=CARTESIAN_POINT('',(35.575,-55.1249999999997,11.0000000000001));
#3428=CARTESIAN_POINT('Origin',(35.575,-55.1249999999997,11.0000000000001));
#3429=CARTESIAN_POINT('',(22.575,-55.1249999999997,11.0000000000001));
#3430=CARTESIAN_POINT('Origin',(22.575,-54.6249999999997,11.0000000000001));
#3431=CARTESIAN_POINT('',(22.075,-54.6249999999997,11.0000000000001));
#3432=CARTESIAN_POINT('Origin',(22.075,-54.6249999999997,11.0000000000001));
#3433=CARTESIAN_POINT('',(22.075,-41.6249999999997,11.0000000000001));
#3434=CARTESIAN_POINT('Origin',(22.575,-41.6249999999997,11.0000000000001));
#3435=CARTESIAN_POINT('Origin',(41.625,-41.1249999999997,11.0000000000001));
#3436=CARTESIAN_POINT('',(54.625,-41.1249999999997,11.0000000000001));
#3437=CARTESIAN_POINT('',(41.625,-41.1249999999997,11.0000000000001));
#3438=CARTESIAN_POINT('Origin',(54.625,-41.6249999999997,11.0000000000001));
#3439=CARTESIAN_POINT('',(55.125,-41.6249999999997,11.0000000000001));
#3440=CARTESIAN_POINT('Origin',(55.125,-41.6249999999997,11.0000000000001));
#3441=CARTESIAN_POINT('',(55.125,-54.6249999999997,11.0000000000001));
#3442=CARTESIAN_POINT('Origin',(54.625,-54.6249999999997,11.0000000000001));
#3443=CARTESIAN_POINT('',(54.625,-55.1249999999997,11.0000000000001));
#3444=CARTESIAN_POINT('Origin',(54.625,-55.1249999999997,11.0000000000001));
#3445=CARTESIAN_POINT('',(41.625,-55.1249999999997,11.0000000000001));
#3446=CARTESIAN_POINT('Origin',(41.625,-54.6249999999997,11.0000000000001));
#3447=CARTESIAN_POINT('',(41.125,-54.6249999999997,11.0000000000001));
#3448=CARTESIAN_POINT('Origin',(41.125,-54.6249999999997,11.0000000000001));
#3449=CARTESIAN_POINT('',(41.125,-41.6249999999997,11.0000000000001));
#3450=CARTESIAN_POINT('Origin',(41.625,-41.6249999999997,11.0000000000001));
#3451=CARTESIAN_POINT('Origin',(0.499999999999998,-71.6499999999992,11.0000000000002));
#3452=CARTESIAN_POINT('Origin',(34.2842,16.4023411382535,14.730399173895));
#3453=CARTESIAN_POINT('',(34.2842,16.4023411382535,14.730399173895));
#3454=CARTESIAN_POINT('',(34.2842,4.79454113825351,14.730399173895));
#3455=CARTESIAN_POINT('Origin',(8.0206,16.4023411382535,14.730399173895));
#3456=CARTESIAN_POINT('',(8.0206,16.4023411382535,14.730399173895));
#3457=CARTESIAN_POINT('Origin',(8.0206,4.79454113825351,14.730399173895));
#3458=CARTESIAN_POINT('',(8.02060000000001,4.79454113825351,14.730399173895));
#3459=CARTESIAN_POINT('Origin',(34.2842,4.79454113825351,14.730399173895));
#3460=UNCERTAINTY_MEASURE_WITH_UNIT(LENGTH_MEASURE(0.01),#3464,
'DISTANCE_ACCURACY_VALUE',
'Maximum model space distance between geometric entities at asserted c
onnectivities');
#3461=UNCERTAINTY_MEASURE_WITH_UNIT(LENGTH_MEASURE(0.01),#3464,
'DISTANCE_ACCURACY_VALUE',
'Maximum model space distance between geometric entities at asserted c
onnectivities');
#3462=(
GEOMETRIC_REPRESENTATION_CONTEXT(3)
GLOBAL_UNCERTAINTY_ASSIGNED_CONTEXT((#3460))
GLOBAL_UNIT_ASSIGNED_CONTEXT((#3464,#3466,#3467))
REPRESENTATION_CONTEXT('','3D')
);
#3463=(
GEOMETRIC_REPRESENTATION_CONTEXT(3)
GLOBAL_UNCERTAINTY_ASSIGNED_CONTEXT((#3461))
GLOBAL_UNIT_ASSIGNED_CONTEXT((#3464,#3466,#3467))
REPRESENTATION_CONTEXT('','3D')
);
#3464=(
LENGTH_UNIT()
NAMED_UNIT(*)
SI_UNIT(.MILLI.,.METRE.)
);
#3465=(
LENGTH_UNIT()
NAMED_UNIT(*)
SI_UNIT($,.METRE.)
);
#3466=(
NAMED_UNIT(*)
PLANE_ANGLE_UNIT()
SI_UNIT($,.RADIAN.)
);
#3467=(
NAMED_UNIT(*)
SI_UNIT($,.STERADIAN.)
SOLID_ANGLE_UNIT()
);
#3468=SHAPE_DEFINITION_REPRESENTATION(#3469,#3470);
#3469=PRODUCT_DEFINITION_SHAPE('',$,#3472);
#3470=SHAPE_REPRESENTATION('',(#2076),#3462);
#3471=PRODUCT_DEFINITION_CONTEXT('part definition',#3476,'design');
#3472=PRODUCT_DEFINITION('2026-09-08-11-59-25-185',
'plate-2026-06-11T20_20_49.563Z',#3473,#3471);
#3473=PRODUCT_DEFINITION_FORMATION('',$,#3478);
#3474=PRODUCT_RELATED_PRODUCT_CATEGORY('plate-2026-06-11T20_20_49.563Z',
'plate-2026-06-11T20_20_49.563Z',(#3478));
#3475=APPLICATION_PROTOCOL_DEFINITION('international standard',
'automotive_design',2009,#3476);
#3476=APPLICATION_CONTEXT(
'Core Data for Automotive Mechanical Design Process');
#3477=PRODUCT_CONTEXT('part definition',#3476,'mechanical');
#3478=PRODUCT('2026-09-08-11-59-25-185',
'plate-2026-06-11T20_20_49.563Z',$,(#3477));
#3479=PRESENTATION_STYLE_ASSIGNMENT((#3480));
#3480=SURFACE_STYLE_USAGE(.BOTH.,#3481);
#3481=SURFACE_SIDE_STYLE('',(#3482));
#3482=SURFACE_STYLE_FILL_AREA(#3483);
#3483=FILL_AREA_STYLE('Steel - Satin',(#3484));
#3484=FILL_AREA_STYLE_COLOUR('Steel - Satin',#3485);
#3485=COLOUR_RGB('Steel - Satin',0.627450980392157,0.627450980392157,0.627450980392157);
ENDSEC;
END-ISO-10303-21;
